SEASON,AGE,TEAM,LEAGUE,POS,G,MP,PER,TS%,3PAr,FTr,ORB%,DRB%,TRB%,AST%,STL%,BLK%,TOV%,USG%,OWS,DWS,WS,WS/48,OBPM,DBPM,BPM,VORP,PLAYER
1993-94,24.0,NJN,NBA,C,79.0,1950.0,12.2,0.48,0.015,0.378,10.0,16.8,13.3,6.7,1.8,3.0,13.3,11.7,1.4,2.8,4.2,0.105,-1.5,1.5,0.1,1.0,P.J. Brown
1994-95,25.0,NJN,NBA,C,80.0,2466.0,12.1,0.492,0.042,0.363,7.9,13.7,10.8,8.6,1.5,3.8,10.8,13.2,1.7,2.9,4.6,0.09,-2.0,1.6,-0.5,0.9,P.J. Brown
1995-96,26.0,NJN,NBA,C,81.0,2942.0,12.6,0.5,0.019,0.332,7.9,13.2,10.5,9.3,1.4,2.6,12.7,15.6,2.0,3.3,5.3,0.087,-1.3,0.7,-0.5,1.1,P.J. Brown
1996-97,27.0,MIA,NBA,PF,80.0,2592.0,13.8,0.505,0.003,0.335,11.1,19.4,15.3,5.9,1.8,2.9,13.1,15.7,2.1,5.4,7.5,0.139,-1.5,1.6,0.1,1.3,P.J. Brown
1997-98,28.0,MIA,NBA,PF,74.0,2362.0,15.0,0.522,0.0,0.334,12.1,19.2,15.8,7.2,1.5,3.0,12.5,15.3,3.5,4.0,7.5,0.152,-0.2,1.0,0.8,1.7,P.J. Brown
1998-99,29.0,MIA,NBA,PF,50.0,1611.0,15.8,0.527,0.0,0.306,9.3,16.2,13.0,7.7,1.6,2.2,11.3,18.7,2.6,2.6,5.1,0.153,0.1,0.8,0.8,1.2,P.J. Brown
1999-00,30.0,MIA,NBA,PF,80.0,2302.0,15.3,0.516,0.001,0.237,11.4,18.4,15.1,10.3,1.5,1.9,11.9,17.1,3.3,3.6,6.9,0.143,-0.3,0.6,0.3,1.4,P.J. Brown
2000-01,31.0,CHH,NBA,C,80.0,2811.0,13.3,0.518,0.007,0.373,10.5,19.6,15.1,7.3,1.5,2.4,14.2,12.5,3.4,4.7,8.0,0.137,-1.3,0.9,-0.4,1.1,P.J. Brown
2001-02,32.0,CHH,NBA,C,80.0,2563.0,15.1,0.545,0.0,0.374,12.2,22.8,17.5,6.6,1.2,2.2,12.2,12.4,4.6,3.6,8.2,0.154,0.1,0.2,0.3,1.5,P.J. Brown
2002-03,33.0,NOH,NBA,PF,78.0,2609.0,17.6,0.592,0.005,0.386,10.7,20.7,15.6,9.2,1.4,2.2,12.2,14.0,6.4,3.8,10.2,0.188,1.6,1.0,2.5,3.0,P.J. Brown
2003-04,34.0,NOH,NBA,PF,80.0,2753.0,15.7,0.527,0.001,0.26,9.6,19.3,14.3,9.8,1.5,2.0,11.3,14.8,4.7,3.4,8.1,0.142,0.3,0.4,0.7,1.9,P.J. Brown
2004-05,35.0,NOH,NBA,PF,82.0,2817.0,15.5,0.512,0.0,0.321,10.7,20.6,15.5,11.2,1.4,1.4,10.5,15.9,4.0,2.9,6.9,0.118,0.1,0.1,0.2,1.5,P.J. Brown
2005-06,36.0,NOK,NBA,C,75.0,2380.0,12.7,0.515,0.0,0.288,8.9,18.8,13.7,6.3,1.0,1.7,12.0,14.7,2.1,2.3,4.4,0.088,-1.3,-0.2,-1.5,0.3,P.J. Brown
2006-07,37.0,CHI,NBA,PF,72.0,1456.0,9.7,0.462,0.005,0.292,10.2,17.0,13.6,5.0,0.8,2.8,15.3,17.0,-0.4,2.7,2.3,0.075,-4.0,0.7,-3.3,-0.5,P.J. Brown
2007-08,38.0,BOS,NBA,PF,18.0,209.0,10.2,0.406,0.024,0.39,17.6,21.0,19.4,6.9,1.3,3.1,17.2,12.9,0.0,0.5,0.5,0.116,-3.5,0.9,-2.7,0.0,P.J. Brown
1993-94,23.0,CHH,NBA,SF,51.0,767.0,10.4,0.461,0.026,0.299,6.8,12.0,9.5,11.1,2.4,1.3,14.5,17.2,-0.2,0.7,0.5,0.03,-2.8,0.2,-2.6,-0.1,Scott Burrell
1994-95,24.0,CHH,NBA,SF,65.0,2014.0,15.0,0.571,0.396,0.243,5.9,15.3,10.8,12.6,2.0,1.4,11.5,17.0,2.8,2.9,5.6,0.135,1.1,1.1,2.2,2.1,Scott Burrell
1995-96,25.0,CHH,NBA,SF,20.0,693.0,13.0,0.57,0.476,0.272,4.5,12.9,8.6,10.5,2.0,1.4,15.7,17.9,0.6,0.4,1.1,0.075,0.0,0.1,0.1,0.4,Scott Burrell
1996-97,26.0,TOT,NBA,SF,57.0,939.0,10.3,0.483,0.428,0.28,6.4,13.7,10.1,12.1,1.6,1.5,14.8,17.4,0.3,0.5,0.8,0.042,-1.7,-0.1,-1.8,0.1,Scott Burrell
1996-97,26.0,CHH,NBA,SF,28.0,482.0,10.9,0.489,0.42,0.405,6.2,13.4,9.9,12.2,1.6,1.7,13.9,17.5,0.3,0.4,0.6,0.065,-1.6,0.2,-1.4,0.1,Scott Burrell
1996-97,26.0,GSW,NBA,SF,29.0,457.0,9.6,0.476,0.436,0.164,6.5,14.1,10.3,12.0,1.6,1.3,15.7,17.4,0.0,0.2,0.2,0.017,-1.9,-0.4,-2.2,0.0,Scott Burrell
1997-98,27.0,CHI,NBA,SF,80.0,1096.0,15.7,0.516,0.384,0.171,8.3,12.4,10.3,9.5,3.1,2.5,11.0,18.5,1.5,2.2,3.7,0.163,0.4,2.2,2.5,1.3,Scott Burrell
1998-99,28.0,NJN,NBA,SF,32.0,706.0,12.6,0.468,0.346,0.202,4.8,14.4,9.3,10.7,3.0,1.1,9.2,15.6,0.6,0.7,1.4,0.092,-0.7,1.4,0.7,0.5,Scott Burrell
1999-00,29.0,NJN,NBA,SF,74.0,1336.0,14.2,0.511,0.554,0.119,5.2,16.5,10.6,8.6,2.6,2.3,7.9,16.0,1.7,1.5,3.2,0.115,0.2,0.9,1.1,1.0,Scott Burrell
2000-01,30.0,CHH,NBA,SF,4.0,41.0,12.8,0.507,0.4,0.267,2.8,5.5,4.2,4.6,3.9,0.0,0.0,18.8,0.1,0.1,0.1,0.135,-2.5,2.2,-0.2,0.0,Scott Burrell
1990-91,22.0,LAL,NBA,PF,52.0,380.0,14.5,0.498,0.0,0.398,12.8,16.4,14.7,3.8,1.5,5.9,10.0,18.4,0.4,0.7,1.1,0.135,-3.0,1.6,-1.4,0.1,Elden Campbell
1991-92,23.0,LAL,NBA,C,81.0,1876.0,13.3,0.491,0.004,0.454,9.3,16.5,12.8,4.6,1.5,5.2,11.0,15.4,0.9,2.4,3.3,0.085,-2.1,1.1,-1.1,0.4,Elden Campbell
1992-93,24.0,LAL,NBA,PF,79.0,1551.0,14.2,0.497,0.006,0.392,9.2,15.2,12.2,4.5,1.9,4.0,10.2,18.7,0.8,1.9,2.6,0.082,-1.7,0.1,-1.5,0.2,Elden Campbell
1993-94,25.0,LAL,NBA,PF,76.0,2253.0,15.2,0.503,0.002,0.338,7.7,17.7,12.5,5.7,1.4,4.1,9.6,19.2,2.0,2.2,4.2,0.089,-1.1,-0.1,-1.2,0.5,Elden Campbell
1994-95,26.0,LAL,NBA,PF,73.0,2076.0,15.4,0.5,0.001,0.369,8.9,14.8,11.9,6.8,1.7,4.4,9.7,21.0,1.5,2.3,3.8,0.087,-1.6,0.0,-1.6,0.2,Elden Campbell
1995-96,27.0,LAL,NBA,PF,82.0,2699.0,18.0,0.549,0.006,0.393,7.1,19.5,13.4,10.3,1.7,5.5,11.6,19.6,3.8,4.4,8.2,0.147,-0.2,1.9,1.7,2.6,Elden Campbell
1996-97,28.0,LAL,NBA,PF,77.0,2516.0,16.8,0.52,0.004,0.393,9.5,18.3,14.0,8.6,1.0,3.5,10.5,22.0,3.4,3.6,7.0,0.134,-0.6,0.0,-0.6,0.8,Elden Campbell
1997-98,29.0,LAL,NBA,PF,81.0,1784.0,16.4,0.527,0.003,0.548,9.3,19.3,14.4,6.9,1.0,4.0,12.9,22.0,2.3,2.4,4.7,0.126,-1.0,-0.3,-1.4,0.3,Elden Campbell
1998-99,30.0,TOT,NBA,C,49.0,1459.0,18.1,0.528,0.002,0.578,10.5,21.1,16.0,8.8,1.4,3.6,12.1,21.3,2.3,1.9,4.3,0.14,0.2,-0.3,-0.1,0.7,Elden Campbell
1998-99,30.0,LAL,NBA,C,17.0,325.0,13.4,0.491,0.0,0.614,13.9,20.4,17.2,3.9,0.2,3.6,14.6,20.8,0.3,0.3,0.5,0.078,-2.6,-2.1,-4.7,-0.2,Elden Campbell
1998-99,30.0,CHH,NBA,C,32.0,1134.0,19.4,0.538,0.003,0.569,9.6,21.2,15.7,10.1,1.8,3.6,11.3,21.5,2.1,1.7,3.7,0.158,1.0,0.2,1.2,0.9,Elden Campbell
1999-00,31.0,CHH,NBA,C,78.0,2538.0,14.6,0.5,0.007,0.432,7.6,18.3,13.1,8.5,1.1,4.1,11.4,19.7,1.7,3.9,5.5,0.105,-1.5,0.6,-0.9,0.7,Elden Campbell
2000-01,32.0,CHH,NBA,PF,78.0,2337.0,16.4,0.505,0.007,0.487,7.7,21.9,14.8,8.1,1.4,4.4,12.4,22.8,1.9,4.5,6.4,0.131,-1.5,1.1,-0.4,1.0,Elden Campbell
2001-02,33.0,CHH,NBA,PF,77.0,2156.0,19.5,0.558,0.003,0.484,7.0,21.0,14.0,8.5,1.5,4.6,12.5,23.3,4.0,3.5,7.6,0.168,0.5,1.5,1.9,2.2,Elden Campbell
2002-03,34.0,TOT,NBA,C,56.0,869.0,14.1,0.483,0.003,0.461,6.2,18.2,12.1,9.9,2.0,3.3,12.4,21.3,0.6,1.4,2.0,0.109,-2.6,1.4,-1.1,0.2,Elden Campbell
2002-03,34.0,NOH,NBA,C,41.0,685.0,15.0,0.496,0.004,0.466,5.7,18.5,12.0,10.5,1.9,3.3,12.4,22.6,0.6,1.1,1.7,0.122,-2.2,1.4,-0.8,0.2,Elden Campbell
2002-03,34.0,SEA,NBA,C,15.0,184.0,10.8,0.419,0.0,0.438,8.2,16.9,12.5,7.6,2.7,3.4,12.3,16.6,0.0,0.3,0.2,0.063,-4.1,1.5,-2.6,0.0,Elden Campbell
2003-04,35.0,DET,NBA,C,65.0,892.0,13.8,0.49,0.0,0.395,6.8,20.1,13.6,9.3,1.3,4.3,14.6,22.6,0.1,2.0,2.1,0.115,-3.0,2.0,-1.0,0.2,Elden Campbell
2004-05,36.0,TOT,NBA,C,40.0,390.0,7.2,0.408,0.016,0.447,8.5,19.5,14.0,8.0,1.1,1.4,16.5,21.2,-0.6,0.6,0.0,0.003,-6.5,-0.5,-7.0,-0.5,Elden Campbell
2004-05,36.0,NJN,NBA,C,10.0,50.0,-1.4,0.114,0.0,0.571,7.1,19.5,13.2,8.7,0.0,1.6,10.2,9.2,-0.1,0.1,-0.1,-0.064,-9.6,-1.3,-10.9,-0.1,Elden Campbell
2004-05,36.0,DET,NBA,C,30.0,340.0,8.4,0.426,0.017,0.44,8.7,19.5,14.1,7.8,1.3,1.3,16.8,23.0,-0.5,0.6,0.1,0.013,-6.0,-0.4,-6.4,-0.4,Elden Campbell
1990-91,23.0,NJN,NBA,PF,74.0,2602.0,17.6,0.527,0.035,0.402,10.4,20.5,15.3,9.8,1.3,2.2,14.4,23.3,2.4,3.4,5.8,0.108,0.7,-0.3,0.4,1.5,Derrick Coleman
1991-92,24.0,NJN,NBA,PF,65.0,2207.0,19.5,0.57,0.079,0.41,9.4,20.6,14.8,14.1,1.2,2.6,18.0,25.1,3.0,2.6,5.6,0.121,2.1,0.1,2.2,2.3,Derrick Coleman
1992-93,25.0,NJN,NBA,PF,76.0,2759.0,21.2,0.54,0.081,0.425,9.7,24.0,16.9,16.1,1.7,2.9,14.3,25.8,4.4,5.1,9.5,0.165,2.7,1.5,4.3,4.4,Derrick Coleman
1993-94,26.0,NJN,NBA,PF,77.0,2778.0,21.4,0.534,0.1,0.469,9.8,23.5,16.5,15.6,1.2,3.2,12.5,25.3,5.5,4.4,9.9,0.171,3.3,1.0,4.3,4.4,Derrick Coleman
1994-95,27.0,NJN,NBA,PF,56.0,2103.0,19.0,0.525,0.137,0.56,8.7,22.1,15.4,15.8,0.9,3.1,13.6,26.4,2.4,2.7,5.1,0.117,1.4,0.1,1.5,1.8,Derrick Coleman
1995-96,28.0,PHI,NBA,PF,11.0,294.0,12.0,0.466,0.178,0.271,5.0,23.8,14.1,19.3,0.7,2.5,17.5,24.3,-0.4,0.2,-0.2,-0.029,-2.8,-0.7,-3.5,-0.1,Derrick Coleman
1996-97,29.0,PHI,NBA,PF,57.0,2102.0,17.3,0.518,0.142,0.437,7.9,22.1,14.9,15.7,1.2,2.6,15.6,23.7,1.8,1.6,3.3,0.076,0.8,-0.1,0.7,1.5,Derrick Coleman
1997-98,30.0,PHI,NBA,PF,59.0,2135.0,17.5,0.5,0.113,0.451,8.0,23.8,15.8,12.3,1.1,2.4,13.1,25.2,1.8,2.7,4.4,0.1,1.1,-0.6,0.5,1.3,Derrick Coleman
1998-99,31.0,CHH,NBA,PF,37.0,1178.0,15.6,0.496,0.081,0.468,8.0,24.2,16.4,12.1,1.1,2.6,15.5,23.3,0.4,1.6,2.0,0.081,-0.3,-0.4,-0.7,0.4,Derrick Coleman
1999-00,32.0,CHH,NBA,PF,74.0,2347.0,18.9,0.541,0.144,0.385,6.1,23.8,15.1,13.5,0.7,3.8,13.1,25.2,2.7,3.8,6.5,0.133,1.2,0.5,1.6,2.2,Derrick Coleman
2000-01,33.0,CHH,NBA,PF,34.0,683.0,13.8,0.469,0.2,0.361,7.7,23.0,15.4,10.2,0.8,2.3,12.4,22.8,0.1,1.1,1.2,0.082,-0.5,-0.5,-0.9,0.2,Derrick Coleman
2001-02,34.0,PHI,NBA,PF,58.0,2080.0,16.2,0.524,0.113,0.309,9.2,18.5,13.9,8.5,1.1,1.9,12.5,21.0,2.7,3.2,5.9,0.135,0.8,0.1,0.9,1.5,Derrick Coleman
2002-03,35.0,PHI,NBA,C,64.0,1742.0,15.4,0.525,0.135,0.343,10.0,20.5,15.2,8.0,1.6,3.1,14.3,17.3,2.1,2.4,4.5,0.124,0.1,0.3,0.3,1.0,Derrick Coleman
2003-04,36.0,PHI,NBA,C,34.0,843.0,11.6,0.471,0.139,0.251,6.3,20.3,13.4,9.9,1.5,2.4,16.5,19.2,-0.4,1.2,0.8,0.047,-2.5,0.4,-2.1,0.0,Derrick Coleman
2004-05,37.0,DET,NBA,C,5.0,50.0,1.2,0.294,0.143,0.214,7.1,27.9,17.6,0.0,0.0,0.0,11.5,16.3,-0.1,0.1,-0.1,-0.049,-6.7,-3.7,-10.5,-0.1,Derrick Coleman
1999-00,20.0,CHH,NBA,PG,82.0,1523.0,12.9,0.486,0.256,0.353,3.6,8.4,6.1,32.6,3.3,0.9,21.9,18.9,-0.1,2.2,2.1,0.065,-2.0,1.2,-0.8,0.5,Baron Davis
2000-01,21.0,CHH,NBA,PG,82.0,3192.0,16.6,0.512,0.286,0.352,4.6,9.9,7.3,32.5,2.9,0.8,17.0,19.2,4.2,4.7,8.9,0.134,1.0,1.4,2.4,3.6,Baron Davis
2001-02,22.0,CHH,NBA,PG,82.0,3318.0,18.2,0.498,0.356,0.252,3.2,8.8,6.0,37.3,2.8,1.0,14.2,23.9,4.4,3.8,8.2,0.118,3.3,0.4,3.8,4.8,Baron Davis
2002-03,23.0,NOH,NBA,PG,50.0,1889.0,16.9,0.5,0.355,0.164,3.4,8.1,5.7,30.5,2.6,0.8,14.1,24.0,2.2,2.2,4.5,0.113,2.5,0.7,3.2,2.5,Baron Davis
2003-04,24.0,NOH,NBA,PG,67.0,2686.0,20.7,0.492,0.415,0.251,2.7,9.6,6.1,37.9,3.2,0.8,12.1,30.1,4.3,3.2,7.5,0.133,4.7,0.5,5.2,4.8,Baron Davis
2004-05,25.0,TOT,NBA,PG,46.0,1581.0,20.8,0.515,0.471,0.323,2.2,10.6,6.2,42.0,2.7,0.7,13.2,28.2,2.8,1.5,4.4,0.132,4.1,0.0,4.1,2.4,Baron Davis
2004-05,25.0,NOH,NBA,PG,18.0,593.0,21.4,0.492,0.452,0.317,3.1,10.6,6.7,44.0,2.9,0.5,9.9,30.0,1.1,0.6,1.7,0.138,5.2,0.2,5.4,1.1,Baron Davis
2004-05,25.0,GSW,NBA,PG,28.0,988.0,20.4,0.53,0.483,0.327,1.7,10.6,5.9,40.8,2.6,0.7,15.3,27.1,1.7,0.9,2.6,0.129,3.5,-0.1,3.4,1.3,Baron Davis
2005-06,26.0,GSW,NBA,PG,54.0,1971.0,18.3,0.489,0.376,0.336,2.5,11.1,6.7,42.6,2.3,0.5,13.9,25.9,2.4,2.0,4.4,0.106,2.8,-0.2,2.6,2.3,Baron Davis
2006-07,27.0,GSW,NBA,PG,63.0,2221.0,21.0,0.53,0.272,0.358,2.5,11.3,6.8,36.9,2.9,1.0,13.9,26.5,4.1,2.3,6.4,0.139,3.1,0.5,3.6,3.2,Baron Davis
2007-08,28.0,GSW,NBA,PG,82.0,3196.0,19.8,0.523,0.344,0.278,3.1,10.1,6.4,29.7,2.9,1.0,11.9,25.6,5.9,2.8,8.7,0.131,3.2,0.3,3.6,4.5,Baron Davis
2008-09,29.0,LAC,NBA,PG,65.0,2248.0,14.5,0.46,0.342,0.219,2.3,10.2,6.1,38.1,2.5,1.2,15.5,25.2,-0.9,1.5,0.6,0.013,0.0,-0.8,-0.8,0.7,Baron Davis
2009-10,30.0,LAC,NBA,PG,75.0,2523.0,17.4,0.501,0.292,0.287,2.4,9.9,6.1,39.6,2.6,1.3,15.6,24.3,2.5,2.1,4.5,0.086,1.5,0.0,1.5,2.2,Baron Davis
2010-11,31.0,TOT,NBA,PG,58.0,1649.0,17.0,0.506,0.345,0.189,2.5,8.6,5.5,41.2,2.4,1.3,16.3,24.4,1.5,1.3,2.8,0.081,2.2,-0.3,1.9,1.6,Baron Davis
2010-11,31.0,LAC,NBA,PG,43.0,1269.0,16.3,0.492,0.295,0.202,2.7,8.3,5.5,39.9,2.5,1.4,16.0,23.5,1.0,1.1,2.1,0.079,1.4,-0.1,1.3,1.0,Baron Davis
2010-11,31.0,CLE,NBA,PG,15.0,380.0,19.3,0.548,0.489,0.152,1.8,9.3,5.4,45.4,2.2,1.2,17.0,27.3,0.5,0.2,0.7,0.086,4.8,-0.9,3.9,0.6,Baron Davis
2011-12,32.0,NYK,NBA,PG,29.0,595.0,10.0,0.457,0.462,0.13,2.5,8.4,5.4,36.2,2.9,0.4,28.1,20.4,-0.7,0.8,0.2,0.014,-1.9,-0.2,-2.1,0.0,Baron Davis
1988-89,22.0,PHI,NBA,SG,79.0,2577.0,14.2,0.544,0.171,0.299,2.2,7.6,4.9,13.0,2.3,0.8,12.6,20.3,2.7,1.3,4.0,0.075,0.1,-0.3,-0.2,1.2,Hersey Hawkins
1989-90,23.0,PHI,NBA,SG,82.0,2856.0,17.0,0.57,0.176,0.384,3.4,8.6,6.0,13.3,2.3,0.6,12.2,22.5,5.5,2.5,8.0,0.135,1.6,0.1,1.7,2.7,Hersey Hawkins
1990-91,24.0,PHI,NBA,SG,80.0,3110.0,19.4,0.592,0.216,0.44,1.8,9.3,5.6,15.3,2.9,0.7,12.5,24.0,6.5,3.3,9.8,0.151,2.4,0.9,3.3,4.1,Hersey Hawkins
1991-92,25.0,PHI,NBA,SG,81.0,3013.0,17.0,0.578,0.203,0.409,2.0,8.2,5.1,13.0,2.7,0.9,12.4,22.1,5.4,2.4,7.8,0.124,1.3,0.5,1.8,2.9,Hersey Hawkins
1992-93,26.0,PHI,NBA,SG,81.0,2977.0,18.3,0.593,0.262,0.416,3.3,9.3,6.3,17.1,2.2,0.6,11.5,22.2,6.7,1.9,8.5,0.138,2.4,0.0,2.4,3.3,Hersey Hawkins
1993-94,27.0,CHH,NBA,SG,82.0,2648.0,15.6,0.579,0.274,0.421,3.8,11.7,7.9,11.6,2.5,0.5,13.4,18.9,4.4,2.1,6.5,0.118,0.9,0.1,1.0,2.0,Hersey Hawkins
1994-95,28.0,CHH,NBA,SG,82.0,2731.0,16.3,0.622,0.368,0.372,2.7,10.5,6.8,15.3,2.4,0.5,13.7,18.5,5.3,3.4,8.7,0.153,1.4,1.1,2.5,3.1,Hersey Hawkins
1995-96,29.0,SEA,NBA,SG,82.0,2823.0,16.1,0.603,0.406,0.304,3.8,8.4,6.2,12.5,2.7,0.4,13.4,19.4,5.3,4.2,9.5,0.161,1.9,0.9,2.8,3.4,Hersey Hawkins
1996-97,30.0,SEA,NBA,SG,82.0,2755.0,17.6,0.616,0.447,0.371,4.0,10.0,7.0,14.6,3.1,0.4,12.3,17.5,7.0,3.9,10.9,0.19,2.8,1.4,4.2,4.4,Hersey Hawkins
1997-98,31.0,SEA,NBA,SG,82.0,2597.0,15.4,0.594,0.473,0.321,3.3,11.9,7.7,12.8,3.0,0.5,12.3,14.8,5.3,3.3,8.6,0.158,1.6,1.5,3.1,3.4,Hersey Hawkins
1998-99,32.0,SEA,NBA,SG,50.0,1644.0,14.0,0.554,0.441,0.324,3.5,10.6,7.1,12.0,2.6,0.8,14.6,15.1,2.6,0.9,3.5,0.102,0.2,0.7,0.9,1.2,Hersey Hawkins
1999-00,33.0,CHI,NBA,SG,61.0,1622.0,11.4,0.562,0.376,0.317,2.2,10.6,6.3,15.0,2.4,0.7,19.0,14.9,1.1,1.5,2.6,0.077,-2.1,0.8,-1.3,0.3,Hersey Hawkins
2000-01,34.0,CHH,NBA,SG,59.0,681.0,14.3,0.555,0.336,0.46,2.9,10.5,6.7,17.0,2.6,1.0,10.3,12.4,1.4,1.0,2.3,0.165,0.2,2.6,2.8,0.8,Hersey Hawkins
1999-00,23.0,MIA,NBA,SF,4.0,23.0,12.6,0.359,0.0,0.214,15.9,4.8,10.1,16.3,0.0,9.5,11.5,35.1,-0.1,0.0,-0.1,-0.105,-2.5,-2.5,-5.0,0.0,Tim James
2000-01,24.0,CHH,NBA,SF,30.0,197.0,5.8,0.387,0.058,0.269,8.7,11.5,10.1,6.5,0.5,1.9,12.1,15.5,-0.1,0.2,0.1,0.022,-5.9,-1.1,-6.9,-0.2,Tim James
2001-02,25.0,PHI,NBA,SF,9.0,41.0,4.8,0.384,0.0,0.462,14.0,5.5,9.7,4.1,0.0,1.9,16.1,20.8,-0.1,0.0,-0.1,-0.064,-5.6,-3.1,-8.7,-0.1,Tim James
2000-01,22.0,CHH,NBA,C,74.0,1095.0,13.4,0.506,0.007,0.535,10.8,19.9,15.4,4.2,0.9,5.2,15.4,16.7,0.6,2.0,2.6,0.114,-3.0,0.8,-2.2,-0.1,Jamaal Magloire
2001-02,23.0,CHH,NBA,C,82.0,1549.0,18.8,0.624,0.002,0.804,11.3,22.7,17.0,3.4,0.9,4.0,17.4,20.0,3.4,2.4,5.7,0.177,-0.3,0.1,-0.1,0.7,Jamaal Magloire
2002-03,24.0,NOH,NBA,C,82.0,2443.0,15.4,0.541,0.005,0.507,12.2,22.3,17.2,5.9,1.1,3.3,16.9,17.4,2.9,3.8,6.7,0.133,-1.3,0.2,-1.2,0.5,Jamaal Magloire
2003-04,25.0,NOH,NBA,C,82.0,2777.0,16.5,0.551,0.001,0.581,10.7,24.4,17.4,5.5,0.8,2.8,16.5,20.0,3.9,3.7,7.6,0.131,-0.9,-0.7,-1.6,0.3,Jamaal Magloire
2004-05,26.0,NOH,NBA,C,23.0,703.0,12.9,0.48,0.0,0.542,12.8,22.1,17.3,7.6,0.6,2.6,17.3,22.5,-0.4,0.7,0.3,0.019,-2.9,-1.5,-4.4,-0.4,Jamaal Magloire
2005-06,27.0,MIL,NBA,C,82.0,2465.0,11.1,0.494,0.0,0.541,10.4,27.4,18.8,3.6,0.6,2.6,17.9,17.2,-0.8,2.9,2.0,0.039,-3.3,-0.8,-4.1,-1.3,Jamaal Magloire
2006-07,28.0,POR,NBA,C,81.0,1703.0,11.5,0.527,0.0,0.613,10.8,25.4,18.0,2.9,0.7,3.1,20.5,17.4,-0.4,1.5,1.1,0.032,-3.4,-1.0,-4.4,-1.0,Jamaal Magloire
2007-08,29.0,TOT,NBA,C,31.0,286.0,1.4,0.377,0.0,0.8,7.7,28.3,18.0,3.7,0.2,2.7,28.7,16.8,-1.0,0.3,-0.6,-0.109,-9.9,-0.9,-10.8,-0.6,Jamaal Magloire
2007-08,29.0,NJN,NBA,C,24.0,259.0,1.7,0.351,0.0,0.633,8.0,28.2,18.1,4.1,0.0,3.0,26.9,15.1,-0.8,0.3,-0.5,-0.096,-9.1,-0.8,-9.9,-0.5,Jamaal Magloire
2007-08,29.0,DAL,NBA,C,7.0,27.0,-1.9,0.512,0.0,2.167,4.4,29.0,17.1,0.0,2.0,0.0,37.4,32.3,-0.2,0.0,-0.1,-0.234,-17.4,-1.4,-18.8,-0.1,Jamaal Magloire
2008-09,30.0,MIA,NBA,C,55.0,709.0,10.6,0.505,0.0,0.458,13.7,23.8,18.7,4.6,0.8,2.9,16.9,12.5,0.4,0.9,1.3,0.089,-4.2,-0.3,-4.5,-0.4,Jamaal Magloire
2009-10,31.0,MIA,NBA,C,36.0,359.0,9.4,0.47,0.0,1.054,13.5,26.0,19.8,0.4,1.3,2.5,17.2,13.0,-0.1,0.7,0.6,0.078,-5.2,-0.3,-5.5,-0.3,Jamaal Magloire
2010-11,32.0,MIA,NBA,C,18.0,158.0,12.7,0.585,0.0,0.818,13.6,31.2,22.9,2.8,1.3,1.0,14.3,10.3,0.3,0.3,0.6,0.172,-1.5,0.9,-0.6,0.1,Jamaal Magloire
2011-12,33.0,TOR,NBA,C,34.0,374.0,2.7,0.36,0.0,0.6,7.9,27.3,17.7,2.4,0.6,2.2,27.9,9.9,-0.7,0.5,-0.2,-0.021,-7.4,-0.2,-7.6,-0.5,Jamaal Magloire
1993-94,21.0,DAL,NBA,SF,79.0,2896.0,13.2,0.48,0.216,0.317,3.9,10.3,6.8,15.8,1.6,0.3,13.5,26.6,-0.2,1.0,0.9,0.014,-0.3,-2.2,-2.4,-0.3,Jamal Mashburn
1994-95,22.0,DAL,NBA,SF,80.0,2980.0,17.3,0.526,0.22,0.386,4.0,8.2,6.0,17.2,1.4,0.2,11.4,28.6,5.0,1.3,6.3,0.102,2.2,-1.5,0.7,2.0,Jamal Mashburn
1995-96,23.0,DAL,NBA,SF,18.0,669.0,14.4,0.478,0.266,0.347,5.3,10.3,7.6,13.2,1.1,0.3,11.1,30.9,0.0,0.2,0.2,0.014,1.0,-2.5,-1.5,0.1,Jamal Mashburn
1996-97,24.0,TOT,NBA,SF,69.0,2164.0,12.6,0.487,0.373,0.307,3.8,12.2,8.0,16.3,2.0,0.4,11.9,20.6,1.0,2.6,3.6,0.081,-1.0,0.2,-0.8,0.6,Jamal Mashburn
1996-97,24.0,DAL,NBA,SF,37.0,975.0,11.9,0.464,0.348,0.295,3.3,10.5,6.8,16.8,1.9,0.4,11.8,22.7,-0.2,0.6,0.4,0.021,-1.4,-1.0,-2.3,-0.1,Jamal Mashburn
1996-97,24.0,MIA,NBA,SF,32.0,1189.0,13.1,0.511,0.398,0.319,4.2,13.5,8.9,15.8,2.0,0.5,12.0,18.8,1.2,2.0,3.2,0.13,-0.8,1.2,0.4,0.7,Jamal Mashburn
1997-98,25.0,MIA,NBA,SF,48.0,1729.0,14.1,0.533,0.211,0.4,5.0,10.8,8.0,13.3,1.4,0.6,13.7,21.2,2.2,1.8,4.1,0.113,0.6,-0.5,0.1,0.9,Jamal Mashburn
1998-99,26.0,MIA,NBA,SF,24.0,855.0,15.1,0.519,0.101,0.35,3.7,16.1,10.3,17.0,1.3,0.3,14.9,23.3,0.7,1.1,1.8,0.104,0.2,-0.4,-0.2,0.4,Jamal Mashburn
1999-00,27.0,MIA,NBA,SF,76.0,2828.0,15.4,0.526,0.24,0.206,2.8,12.4,7.8,18.6,1.5,0.4,12.5,23.8,3.1,3.2,6.4,0.109,0.9,-0.4,0.5,1.8,Jamal Mashburn
2000-01,28.0,CHH,NBA,SF,76.0,2989.0,17.5,0.493,0.208,0.262,3.5,18.4,11.0,26.8,1.5,0.3,12.0,27.1,3.1,4.2,7.3,0.118,2.1,0.0,2.1,3.1,Jamal Mashburn
2001-02,29.0,CHH,NBA,SF,40.0,1601.0,16.9,0.505,0.151,0.324,2.2,15.0,8.6,19.7,1.5,0.3,11.5,27.4,1.8,1.6,3.4,0.101,1.7,-0.6,1.1,1.3,Jamal Mashburn
2002-03,30.0,NOH,NBA,SF,82.0,3321.0,18.0,0.507,0.193,0.233,2.3,15.3,8.7,26.2,1.3,0.4,11.6,27.1,5.4,3.6,9.0,0.13,2.6,-0.4,2.2,3.5,Jamal Mashburn
2003-04,31.0,NOH,NBA,SF,19.0,730.0,14.7,0.457,0.168,0.201,2.9,15.7,9.1,13.3,1.0,0.5,7.9,29.4,0.1,0.6,0.7,0.048,0.2,-1.7,-1.5,0.1,Jamal Mashburn
2000-01,25.0,CHH,NBA,SF,42.0,469.0,11.7,0.529,0.007,0.316,7.1,15.3,11.2,9.1,1.0,0.8,14.8,17.9,0.4,0.6,0.9,0.096,-2.5,-0.1,-2.6,-0.1,Lee Nailon
2001-02,26.0,CHH,NBA,SF,79.0,1912.0,14.4,0.513,0.003,0.196,6.2,11.2,8.7,9.1,1.7,0.6,10.4,22.1,1.7,1.7,3.5,0.087,-0.9,-0.6,-1.5,0.3,Lee Nailon
2002-03,27.0,NYK,NBA,SF,38.0,405.0,14.3,0.494,0.005,0.268,9.1,11.3,10.1,11.9,0.8,0.5,13.1,27.9,0.1,0.1,0.3,0.03,-0.5,-2.2,-2.7,-0.1,Lee Nailon
2003-04,28.0,TOT,NBA,"PF,SF",57.0,780.0,13.2,0.484,0.009,0.177,9.2,11.3,10.3,9.2,1.0,0.8,11.3,23.0,0.4,0.3,0.7,0.042,-1.6,-2.7,-4.3,-0.5,Lee Nailon
2003-04,28.0,ATL,NBA,PF,27.0,300.0,14.3,0.485,0.0,0.138,9.9,13.8,11.9,11.3,1.8,1.7,14.1,25.8,0.0,0.2,0.2,0.033,-2.3,-1.2,-3.5,-0.1,Lee Nailon
2003-04,28.0,ORL,NBA,SF,8.0,83.0,13.5,0.468,0.0,0.333,10.7,8.4,9.6,8.0,0.6,0.0,0.0,16.9,0.2,0.0,0.2,0.088,-0.7,-4.0,-4.7,-0.1,Lee Nailon
2003-04,28.0,CLE,NBA,SF,22.0,397.0,12.2,0.485,0.019,0.185,8.4,10.0,9.2,7.8,0.5,0.2,10.7,22.1,0.2,0.1,0.3,0.04,-1.3,-3.6,-5.0,-0.3,Lee Nailon
2004-05,29.0,NOH,NBA,SF,68.0,2017.0,14.5,0.511,0.002,0.19,7.2,10.4,8.7,11.3,1.0,0.6,10.5,24.2,1.3,0.9,2.2,0.053,0.1,-1.4,-1.3,0.4,Lee Nailon
2005-06,30.0,PHI,NBA,PF,22.0,237.0,14.5,0.537,0.0,0.188,11.3,9.4,10.4,5.0,1.7,1.3,10.4,18.6,0.3,0.2,0.5,0.096,-1.4,-1.3,-2.7,0.0,Lee Nailon
1992-93,23.0,WSB,NBA,PG,45.0,990.0,11.8,0.51,0.04,0.251,2.8,9.4,6.0,23.3,1.5,0.4,16.7,18.5,0.1,0.4,0.6,0.028,-1.8,-0.7,-2.6,-0.2,Doug Overton
1993-94,24.0,WSB,NBA,PG,61.0,749.0,8.4,0.456,0.051,0.241,2.9,8.0,5.4,17.7,1.4,0.1,18.4,16.8,-0.4,0.0,-0.4,-0.028,-3.7,-2.3,-6.0,-0.8,Doug Overton
1994-95,25.0,WSB,NBA,PG,82.0,1704.0,11.6,0.521,0.251,0.251,1.7,8.2,4.8,21.3,1.6,0.1,15.8,16.9,1.1,0.6,1.7,0.048,-1.4,-1.2,-2.6,-0.3,Doug Overton
1995-96,26.0,DEN,NBA,PG,55.0,607.0,9.9,0.45,0.146,0.309,1.5,10.5,6.0,27.0,1.1,0.6,16.5,17.8,-0.1,0.4,0.2,0.02,-2.5,-0.8,-3.3,-0.2,Doug Overton
1996-97,27.0,PHI,NBA,PG,61.0,634.0,13.2,0.514,0.211,0.253,3.0,8.8,5.8,25.2,1.9,0.0,15.6,16.7,0.7,0.1,0.9,0.065,-1.4,-1.1,-2.6,-0.1,Doug Overton
1997-98,28.0,PHI,NBA,PG,23.0,277.0,5.2,0.443,0.048,0.254,0.8,5.0,2.9,21.2,1.5,0.3,24.7,15.1,-0.3,0.1,-0.2,-0.035,-5.8,-1.1,-6.9,-0.3,Doug Overton
1998-99,29.0,TOT,NBA,PG,24.0,244.0,10.8,0.496,0.083,0.238,3.0,6.7,4.8,17.1,1.1,0.3,17.7,20.6,0.0,0.1,0.1,0.023,-2.1,-1.7,-3.8,-0.1,Doug Overton
1998-99,29.0,ORL,NBA,PG,6.0,33.0,19.0,0.615,0.167,0.5,3.5,3.6,3.5,17.5,1.6,0.0,17.0,24.2,0.1,0.0,0.1,0.185,1.4,-0.5,1.0,0.0,Doug Overton
1998-99,29.0,NJN,NBA,PG,8.0,174.0,10.6,0.507,0.07,0.246,3.6,7.4,5.4,16.5,0.9,0.4,19.2,19.8,0.0,0.0,0.0,0.012,-2.0,-2.1,-4.1,-0.1,Doug Overton
1998-99,29.0,PHI,NBA,PG,10.0,37.0,4.5,0.333,0.067,0.0,0.0,6.4,3.1,19.8,1.5,0.0,11.8,20.8,-0.1,0.0,-0.1,-0.069,-5.3,-1.3,-6.6,0.0,Doug Overton
1999-00,30.0,BOS,NBA,PG,48.0,432.0,10.5,0.466,0.182,0.136,3.5,5.3,4.4,19.4,1.2,0.0,10.9,18.4,0.3,0.1,0.4,0.047,-1.6,-1.9,-3.5,-0.2,Doug Overton
2000-01,31.0,TOT,NBA,PG,21.0,475.0,7.5,0.428,0.259,0.115,0.9,8.8,4.7,25.5,0.9,0.0,17.5,16.9,-0.4,0.1,-0.3,-0.026,-3.3,-2.3,-5.6,-0.4,Doug Overton
2000-01,31.0,BOS,NBA,PG,7.0,144.0,5.1,0.389,0.091,0.25,2.3,10.2,6.1,22.2,1.4,0.0,21.0,19.5,-0.3,0.1,-0.2,-0.075,-5.7,-1.8,-7.5,-0.2,Doug Overton
2000-01,31.0,CHH,NBA,PG,2.0,15.0,1.9,1.0,0.0,0.0,0.0,0.0,0.0,0.0,3.6,0.0,60.0,15.4,-0.1,0.0,0.0,-0.126,-7.9,1.6,-6.3,0.0,Doug Overton
2000-01,31.0,NJN,NBA,PG,12.0,316.0,8.9,0.436,0.344,0.054,0.4,8.6,4.4,28.2,0.5,0.0,13.6,15.8,0.0,0.0,0.0,0.001,-1.9,-2.8,-4.7,-0.2,Doug Overton
2001-02,32.0,LAC,NBA,PG,18.0,130.0,4.8,0.414,0.614,0.159,0.9,9.5,5.2,15.6,1.2,0.5,20.3,20.5,-0.3,0.1,-0.2,-0.077,-5.2,-2.1,-7.3,-0.2,Doug Overton
2003-04,34.0,TOT,NBA,PG,61.0,1033.0,7.5,0.433,0.094,0.127,1.7,7.8,4.7,21.7,1.3,0.1,18.3,13.6,-0.2,-0.1,-0.3,-0.016,-3.5,-1.4,-4.9,-0.8,Doug Overton
2003-04,34.0,NJN,NBA,PG,6.0,22.0,8.8,0.45,0.0,0.25,0.0,5.4,2.7,31.5,2.4,0.0,18.4,23.2,0.0,0.0,0.0,0.026,-5.9,0.4,-5.5,0.0,Doug Overton
2003-04,34.0,LAC,NBA,PG,55.0,1011.0,7.4,0.432,0.097,0.122,1.8,7.8,4.8,21.5,1.3,0.1,18.3,13.4,-0.2,-0.1,-0.4,-0.017,-3.5,-1.4,-4.9,-0.7,Doug Overton
1994-95,27.0,DEN,NBA,SG,3.0,13.0,15.3,0.387,0.167,0.667,0.0,18.0,9.2,11.0,12.1,0.0,20.5,33.9,-0.1,0.0,0.0,-0.047,-6.9,6.0,-0.9,0.0,Eldridge Recasner
1995-96,28.0,HOU,NBA,SG,63.0,1275.0,12.3,0.562,0.532,0.184,2.8,9.8,6.4,20.2,0.9,0.3,13.6,15.8,1.9,0.8,2.6,0.099,0.2,-0.9,-0.7,0.4,Eldridge Recasner
1996-97,29.0,ATL,NBA,SG,71.0,1207.0,11.5,0.539,0.4,0.166,3.5,7.7,5.7,13.3,1.7,0.3,14.8,17.2,1.2,1.3,2.5,0.099,-0.9,0.2,-0.7,0.4,Eldridge Recasner
1997-98,30.0,ATL,NBA,SG,59.0,1454.0,13.0,0.563,0.327,0.175,2.7,8.6,5.7,13.8,1.5,0.0,15.8,18.4,1.9,1.0,2.9,0.095,0.5,-1.0,-0.4,0.6,Eldridge Recasner
1998-99,31.0,CHH,NBA,PG,44.0,708.0,11.1,0.552,0.326,0.212,3.5,9.1,6.4,22.5,1.3,0.1,22.4,17.4,0.4,0.4,0.8,0.052,-1.3,-1.5,-2.8,-0.1,Eldridge Recasner
1999-00,32.0,CHH,NBA,PG,7.0,28.0,13.1,0.5,0.571,0.0,0.0,15.7,8.0,28.1,0.0,0.0,0.0,11.2,0.1,0.0,0.1,0.135,-0.7,-0.1,-0.8,0.0,Eldridge Recasner
2000-01,33.0,CHH,NBA,PG,43.0,403.0,6.2,0.422,0.342,0.158,3.7,10.4,7.1,15.9,0.8,0.2,18.1,17.0,-0.4,0.4,0.0,-0.004,-3.7,-1.1,-4.9,-0.3,Eldridge Recasner
2001-02,34.0,TOT,NBA,"PG,SG",6.0,33.0,5.3,0.388,0.167,0.167,0.0,0.0,0.0,22.1,1.6,0.0,13.4,10.2,0.0,0.0,0.0,0.013,-5.3,-0.3,-5.6,0.0,Eldridge Recasner
2001-02,34.0,CHH,NBA,SG,1.0,2.0,-9.1,0.0,0.0,0.0,0.0,0.0,0.0,0.0,0.0,0.0,0.0,0.0,0.0,0.0,0.0,0.004,-16.0,-0.4,-16.4,0.0,Eldridge Recasner
2001-02,34.0,LAC,NBA,PG,5.0,31.0,6.2,0.388,0.167,0.167,0.0,0.0,0.0,23.5,1.7,0.0,13.4,10.8,0.0,0.0,0.0,0.013,-4.6,-0.3,-4.9,0.0,Eldridge Recasner
2000-01,24.0,CHH,NBA,SF,3.0,13.0,-15.0,0.0,0.5,0.0,0.0,8.7,4.4,10.9,0.0,0.0,50.0,14.2,-0.1,0.0,-0.1,-0.334,-18.7,-2.4,-21.1,-0.1,Terrance Roberson
1999-00,23.0,CHH,NBA,SF,67.0,1112.0,16.4,0.569,0.01,0.166,5.6,12.8,9.3,5.2,2.2,1.6,8.6,18.3,1.5,1.5,3.0,0.13,0.4,0.2,0.6,0.7,Eddie Robinson
2000-01,24.0,CHH,NBA,SF,67.0,1201.0,17.9,0.559,0.01,0.216,5.7,13.1,9.4,9.4,2.2,2.0,8.8,18.8,2.1,1.8,4.0,0.159,1.4,1.2,2.6,1.4,Eddie Robinson
2001-02,25.0,CHI,NBA,SF,29.0,653.0,12.5,0.489,0.02,0.194,4.2,9.9,7.0,10.5,1.9,1.3,11.8,21.4,-0.1,0.3,0.2,0.015,-1.1,-1.2,-2.3,-0.1,Eddie Robinson
2002-03,26.0,CHI,NBA,SF,64.0,1355.0,11.5,0.531,0.044,0.2,6.3,10.0,8.2,7.7,2.3,0.7,13.2,12.9,1.2,1.0,2.2,0.076,-1.5,0.7,-0.8,0.4,Eddie Robinson
2003-04,27.0,CHI,NBA,SF,51.0,1024.0,11.0,0.497,0.015,0.132,2.8,8.4,5.5,10.3,1.7,0.7,11.5,17.0,0.2,0.6,0.8,0.039,-2.2,-0.3,-2.5,-0.1,Eddie Robinson
1984-85,22.0,KCK,NBA,PF,82.0,1918.0,16.6,0.62,0.003,0.542,11.2,21.8,16.5,8.1,0.8,1.1,18.1,21.3,2.8,1.3,4.0,0.1,0.4,-1.3,-1.0,0.5,Otis Thorpe
1985-86,23.0,SAC,NBA,PF,75.0,1675.0,14.4,0.617,0.0,0.504,9.3,19.0,14.2,6.9,1.0,1.2,17.0,17.5,2.3,1.5,3.8,0.109,-0.6,-0.2,-0.8,0.5,Otis Thorpe
1986-87,24.0,SAC,NBA,PF,82.0,2956.0,18.0,0.6,0.003,0.517,9.5,20.8,15.1,9.7,0.7,1.1,12.8,20.0,6.8,2.1,9.0,0.146,1.8,-0.6,1.2,2.4,Otis Thorpe
1987-88,25.0,SAC,NBA,PF,82.0,3072.0,18.7,0.57,0.005,0.497,9.8,19.9,14.8,12.9,1.0,1.0,13.2,22.6,6.2,1.9,8.1,0.126,1.8,-1.0,0.9,2.2,Otis Thorpe
1988-89,26.0,HOU,NBA,PF,82.0,3135.0,15.4,0.591,0.002,0.468,9.5,17.6,13.6,9.3,1.2,0.7,16.3,17.7,4.6,4.1,8.7,0.133,0.5,0.1,0.6,2.1,Otis Thorpe
1989-90,27.0,HOU,NBA,PF,82.0,2947.0,16.1,0.587,0.01,0.447,9.4,16.8,13.2,12.8,1.1,0.5,16.1,19.6,4.4,4.1,8.5,0.138,0.6,0.2,0.7,2.0,Otis Thorpe
1990-91,28.0,HOU,NBA,PF,82.0,3039.0,17.2,0.598,0.007,0.486,10.1,19.5,14.8,9.6,1.2,0.4,15.3,19.2,5.8,4.5,10.4,0.164,0.9,0.3,1.2,2.5,Otis Thorpe
1991-92,29.0,HOU,NBA,PF,82.0,3056.0,17.2,0.619,0.007,0.491,10.7,20.5,15.7,12.8,0.9,0.7,17.1,19.7,5.6,3.2,8.9,0.14,0.8,-0.4,0.4,1.8,Otis Thorpe
1992-93,30.0,HOU,NBA,PF,72.0,2357.0,14.6,0.575,0.003,0.371,11.2,16.8,14.2,11.5,0.9,0.5,15.8,17.9,3.2,2.8,6.0,0.122,-0.2,-0.6,-0.8,0.7,Otis Thorpe
1993-94,31.0,HOU,NBA,PF,82.0,2909.0,16.1,0.593,0.002,0.477,11.0,21.7,16.6,9.9,1.1,0.6,16.0,17.6,4.9,4.9,9.8,0.162,0.1,0.2,0.3,1.7,Otis Thorpe
1994-95,32.0,TOT,NBA,PF,70.0,2096.0,16.4,0.582,0.01,0.413,11.1,19.2,15.2,8.6,1.0,1.0,14.1,19.5,3.2,2.4,5.6,0.129,0.0,-0.5,-0.5,0.8,Otis Thorpe
1994-95,32.0,HOU,NBA,PF,36.0,1188.0,14.7,0.568,0.008,0.347,11.5,19.3,15.6,7.8,0.9,0.8,15.3,18.8,1.1,1.2,2.3,0.094,-0.8,-1.0,-1.9,0.0,Otis Thorpe
1994-95,32.0,POR,NBA,PF,34.0,908.0,18.6,0.598,0.013,0.489,10.6,19.2,14.7,9.6,1.1,1.2,12.8,20.4,2.1,1.2,3.3,0.174,1.0,0.2,1.2,0.7,Otis Thorpe
1995-96,33.0,DET,NBA,PF,82.0,2841.0,15.7,0.573,0.005,0.424,9.3,19.6,14.6,10.1,1.0,1.1,16.2,20.3,3.5,4.1,7.6,0.128,-0.4,0.1,-0.4,1.2,Otis Thorpe
1996-97,34.0,DET,NBA,C,79.0,2661.0,16.1,0.563,0.003,0.385,10.8,18.1,14.5,9.0,1.3,0.5,13.6,19.8,4.5,3.4,7.9,0.142,-0.1,-0.5,-0.6,0.9,Otis Thorpe
1997-98,35.0,TOT,NBA,PF,74.0,2197.0,13.4,0.515,0.008,0.385,7.8,20.1,13.9,16.3,1.1,0.9,17.2,17.8,1.4,1.1,2.5,0.055,-1.3,-0.7,-2.1,0.0,Otis Thorpe
1997-98,35.0,VAN,NBA,PF,47.0,1574.0,13.0,0.523,0.009,0.395,7.3,19.7,13.6,16.3,1.0,1.0,18.6,17.5,0.9,0.4,1.4,0.041,-1.4,-1.0,-2.4,-0.2,Otis Thorpe
1997-98,35.0,SAC,NBA,PF,27.0,623.0,14.4,0.498,0.005,0.361,8.9,21.0,14.8,16.1,1.5,0.8,14.1,18.7,0.5,0.7,1.1,0.088,-1.3,0.1,-1.2,0.1,Otis Thorpe
1998-99,36.0,WAS,NBA,PF,49.0,1539.0,15.0,0.569,0.005,0.241,7.1,18.5,12.7,11.4,1.5,0.9,15.3,17.2,2.3,1.4,3.7,0.116,-0.5,0.2,-0.3,0.6,Otis Thorpe
1999-00,37.0,MIA,NBA,PF,51.0,777.0,11.1,0.528,0.012,0.198,8.8,15.6,12.4,7.2,1.8,0.8,18.3,19.4,0.0,1.1,1.1,0.069,-4.1,0.1,-4.0,-0.4,Otis Thorpe
2000-01,38.0,CHH,NBA,PF,49.0,647.0,7.6,0.487,0.0,0.183,8.9,16.7,12.8,7.3,1.0,0.8,18.4,12.4,0.1,0.8,1.0,0.071,-5.0,0.1,-4.9,-0.5,Otis Thorpe
1993-94,23.0,NJN,NBA,PG,60.0,542.0,13.0,0.464,0.27,0.305,1.9,6.7,4.3,33.3,3.5,0.5,20.9,19.4,-0.1,0.7,0.6,0.053,-1.6,0.6,-0.9,0.2,David Wesley
1994-95,24.0,BOS,NBA,PG,51.0,1380.0,12.9,0.533,0.38,0.3,2.5,7.3,4.9,27.2,3.0,0.4,19.7,13.8,1.5,1.1,2.6,0.091,-0.4,0.9,0.5,0.9,David Wesley
1995-96,25.0,BOS,NBA,PG,82.0,2104.0,18.5,0.585,0.37,0.391,3.5,10.7,7.0,29.2,2.4,0.4,15.6,20.9,4.8,1.6,6.3,0.144,2.8,0.0,2.8,2.5,David Wesley
1996-97,26.0,BOS,NBA,PG,74.0,2991.0,16.5,0.563,0.294,0.296,2.4,8.2,5.1,29.1,2.7,0.3,16.1,18.8,5.0,1.1,6.1,0.097,1.1,-0.6,0.6,1.9,David Wesley
1997-98,27.0,CHH,NBA,PG,81.0,2845.0,15.2,0.532,0.197,0.333,2.1,6.9,4.5,30.2,2.6,0.8,18.6,19.8,3.3,2.5,5.8,0.098,0.6,0.1,0.7,1.9,David Wesley
1998-99,28.0,CHH,NBA,PG,50.0,1848.0,16.9,0.561,0.312,0.35,1.5,8.4,5.1,31.3,2.9,0.4,18.4,19.8,3.1,1.7,4.8,0.124,1.5,0.2,1.7,1.7,David Wesley
1999-00,29.0,CHH,NBA,PG,82.0,2760.0,15.0,0.519,0.26,0.288,1.6,7.4,4.6,28.2,2.0,0.3,12.9,20.1,3.4,2.7,6.1,0.106,0.4,-0.3,0.1,1.5,David Wesley
2000-01,30.0,CHH,NBA,SG,82.0,3106.0,15.3,0.509,0.208,0.274,2.4,5.9,4.1,21.7,2.2,0.4,11.0,23.1,4.2,3.4,7.6,0.117,0.4,0.0,0.4,1.9,David Wesley
2001-02,31.0,CHH,NBA,SG,67.0,2487.0,11.3,0.479,0.281,0.207,2.0,4.5,3.3,16.2,1.6,0.4,10.7,20.4,1.1,1.5,2.6,0.05,-1.1,-0.9,-2.1,0.0,David Wesley
2002-03,32.0,NOH,NBA,SG,73.0,2710.0,15.1,0.533,0.305,0.229,1.6,5.9,3.8,16.4,2.2,0.2,10.4,21.4,4.5,2.5,7.0,0.124,1.0,0.1,1.1,2.1,David Wesley
2003-04,33.0,NOH,NBA,SG,61.0,2001.0,12.6,0.483,0.356,0.228,1.6,6.2,3.8,16.1,1.9,0.5,10.2,22.4,1.4,1.4,2.8,0.067,-0.8,-0.7,-1.5,0.2,David Wesley
2004-05,34.0,TOT,NBA,SG,80.0,2774.0,11.8,0.513,0.375,0.225,1.6,8.0,4.8,16.5,1.9,0.3,10.9,17.5,2.3,2.8,5.2,0.089,-1.1,0.6,-0.5,1.1,David Wesley
2004-05,34.0,NOH,NBA,SG,26.0,934.0,12.2,0.481,0.234,0.222,1.5,9.7,5.4,21.6,2.1,0.1,12.6,21.4,0.1,0.6,0.7,0.038,-1.4,0.0,-1.4,0.1,David Wesley
2004-05,34.0,HOU,NBA,SG,54.0,1840.0,11.6,0.536,0.472,0.227,1.7,7.2,4.5,14.0,1.8,0.3,9.7,15.5,2.2,2.2,4.4,0.115,-1.0,0.9,0.0,0.9,David Wesley
2005-06,35.0,HOU,NBA,SG,71.0,2372.0,9.6,0.546,0.483,0.333,1.2,7.5,4.4,14.6,1.4,0.2,15.7,15.3,1.4,2.2,3.6,0.072,-2.2,0.2,-2.0,0.0,David Wesley
2006-07,36.0,CLE,NBA,SG,35.0,352.0,6.6,0.418,0.507,0.373,1.0,10.8,5.8,15.3,1.8,0.9,16.3,13.4,-0.2,0.5,0.3,0.043,-4.5,1.3,-3.1,-0.1,David Wesley
