SEASON,AGE,TEAM,LEAGUE,POS,G,GS,MP,FG,FGA,FG%,3P,3PA,3P%,2P,2PA,2P%,eFG%,FT,FTA,FT%,ORB,DRB,TRB,AST,STL,BLK,TOV,PF,PTS,PLAYER
2007-08,22.0,DET,NBA,SG,75.0,9.0,12.9,1.3,3.2,0.411,0.1,0.6,0.208,1.2,2.6,0.461,0.432,0.9,1.2,0.782,0.5,1.3,1.8,0.7,0.4,0.1,0.5,1.1,3.7,Arron Afflalo
2008-09,23.0,DET,NBA,SG,74.0,8.0,16.7,1.8,4.1,0.437,0.6,1.4,0.402,1.2,2.6,0.456,0.508,0.8,1.0,0.817,0.4,1.4,1.8,0.6,0.4,0.2,0.6,1.9,4.9,Arron Afflalo
2009-10,24.0,DEN,NBA,SG,82.0,75.0,27.1,3.3,7.1,0.465,1.3,3.0,0.434,2.0,4.1,0.488,0.557,0.9,1.2,0.735,0.7,2.4,3.1,1.7,0.6,0.4,0.9,2.7,8.8,Arron Afflalo
2010-11,25.0,DEN,NBA,SG,69.0,69.0,33.7,4.5,9.1,0.498,1.5,3.6,0.423,3.0,5.5,0.546,0.581,2.0,2.4,0.847,0.7,3.0,3.6,2.4,0.5,0.4,1.0,2.2,12.6,Arron Afflalo
2011-12,26.0,DEN,NBA,SG,62.0,62.0,33.6,5.3,11.3,0.471,1.4,3.6,0.398,3.9,7.7,0.504,0.534,3.2,4.0,0.798,0.6,2.5,3.2,2.4,0.6,0.2,1.4,2.2,15.2,Arron Afflalo
2012-13,27.0,ORL,NBA,SF,64.0,64.0,36.0,6.2,14.1,0.439,1.1,3.8,0.3,5.1,10.4,0.489,0.478,3.0,3.5,0.857,0.5,3.3,3.7,3.2,0.6,0.2,2.2,2.1,16.5,Arron Afflalo
2013-14,28.0,ORL,NBA,SG,73.0,73.0,35.0,6.4,13.8,0.459,1.8,4.1,0.427,4.6,9.7,0.473,0.522,3.8,4.6,0.815,0.4,3.2,3.6,3.4,0.5,0.0,2.0,1.9,18.2,Arron Afflalo
2014-15,29.0,TOT,NBA,SG,78.0,72.0,32.1,4.8,11.3,0.424,1.5,4.3,0.354,3.3,7.1,0.466,0.491,2.1,2.5,0.843,0.3,2.8,3.2,1.7,0.5,0.1,1.5,2.1,13.3,Arron Afflalo
2014-15,29.0,DEN,NBA,SG,53.0,53.0,33.0,5.3,12.4,0.428,1.5,4.6,0.337,3.8,7.8,0.481,0.49,2.4,2.8,0.841,0.4,3.0,3.4,1.9,0.6,0.1,1.6,2.0,14.5,Arron Afflalo
2014-15,29.0,POR,NBA,SG,25.0,19.0,30.1,3.8,9.1,0.414,1.4,3.6,0.4,2.3,5.5,0.423,0.493,1.6,1.9,0.851,0.2,2.4,2.7,1.1,0.4,0.1,1.3,2.4,10.6,Arron Afflalo
2015-16,30.0,NYK,NBA,SG,71.0,57.0,33.4,5.0,11.3,0.443,1.3,3.4,0.382,3.7,7.9,0.469,0.5,1.5,1.8,0.84,0.3,3.4,3.7,2.0,0.4,0.1,1.2,2.0,12.8,Arron Afflalo
2016-17,31.0,SAC,NBA,SG,61.0,45.0,25.9,3.0,6.9,0.44,1.0,2.5,0.411,2.0,4.4,0.457,0.514,1.4,1.5,0.892,0.1,1.9,2.0,1.3,0.3,0.1,0.7,1.7,8.4,Arron Afflalo
2017-18,32.0,ORL,NBA,SG,53.0,3.0,12.9,1.2,3.1,0.401,0.5,1.3,0.386,0.7,1.7,0.413,0.485,0.4,0.5,0.846,0.1,1.2,1.2,0.6,0.1,0.2,0.4,1.1,3.4,Arron Afflalo
2006-07,21.0,POR,NBA,C,63.0,22.0,22.1,3.8,7.6,0.503,0.0,0.0,0.0,3.8,7.6,0.505,0.503,1.3,1.8,0.722,2.3,2.7,5.0,0.4,0.3,1.2,0.7,3.0,9.0,LaMarcus Aldridge
2007-08,22.0,POR,NBA,PF,76.0,76.0,34.9,7.4,15.3,0.484,0.0,0.1,0.143,7.4,15.2,0.486,0.484,3.0,3.9,0.762,2.9,4.7,7.6,1.6,0.7,1.2,1.7,3.2,17.8,LaMarcus Aldridge
2008-09,23.0,POR,NBA,PF,81.0,81.0,37.1,7.4,15.3,0.484,0.1,0.3,0.25,7.3,15.0,0.489,0.486,3.2,4.1,0.781,2.9,4.6,7.5,1.9,1.0,1.0,1.5,2.6,18.1,LaMarcus Aldridge
2009-10,24.0,POR,NBA,PF,78.0,78.0,37.5,7.4,15.0,0.495,0.1,0.2,0.313,7.4,14.8,0.498,0.497,2.9,3.9,0.757,2.5,5.6,8.0,2.1,0.9,0.6,1.3,3.0,17.9,LaMarcus Aldridge
2010-11,25.0,POR,NBA,PF,81.0,81.0,39.6,8.7,17.5,0.5,0.0,0.3,0.174,8.7,17.2,0.505,0.501,4.3,5.5,0.791,3.4,5.3,8.8,2.1,1.0,1.2,1.9,2.7,21.8,LaMarcus Aldridge
2011-12,26.0,POR,NBA,PF,55.0,55.0,36.3,8.8,17.1,0.512,0.0,0.2,0.182,8.7,16.9,0.516,0.513,4.1,5.0,0.814,2.7,5.3,8.0,2.4,0.9,0.8,2.0,2.8,21.7,LaMarcus Aldridge
2012-13,27.0,POR,NBA,PF,74.0,74.0,37.7,8.6,17.8,0.484,0.0,0.2,0.143,8.6,17.6,0.488,0.485,3.8,4.7,0.81,2.4,6.7,9.1,2.6,0.8,1.2,1.9,2.5,21.1,LaMarcus Aldridge
2013-14,28.0,POR,NBA,PF,69.0,69.0,36.2,9.4,20.6,0.458,0.0,0.2,0.2,9.4,20.4,0.461,0.459,4.3,5.2,0.822,2.4,8.7,11.1,2.6,0.9,1.0,1.8,2.1,23.2,LaMarcus Aldridge
2014-15,29.0,POR,NBA,PF,71.0,71.0,35.4,9.3,19.9,0.466,0.5,1.5,0.352,8.8,18.5,0.475,0.479,4.3,5.1,0.845,2.5,7.7,10.2,1.7,0.7,1.0,1.7,1.8,23.4,LaMarcus Aldridge
2015-16,30.0,SAS,NBA,PF,74.0,74.0,30.6,7.2,14.1,0.513,0.0,0.2,0.0,7.2,13.9,0.521,0.513,3.5,4.1,0.858,2.4,6.2,8.5,1.5,0.5,1.1,1.3,2.0,18.0,LaMarcus Aldridge
2016-17,31.0,SAS,NBA,PF,72.0,72.0,32.4,6.9,14.6,0.477,0.3,0.8,0.411,6.6,13.8,0.48,0.488,3.1,3.8,0.812,2.4,4.9,7.3,1.9,0.6,1.2,1.4,2.2,17.3,LaMarcus Aldridge
2017-18,32.0,SAS,NBA,C,75.0,75.0,33.5,9.2,18.0,0.51,0.4,1.2,0.293,8.8,16.7,0.526,0.52,4.5,5.3,0.837,3.3,5.2,8.5,2.0,0.6,1.2,1.5,2.1,23.1,LaMarcus Aldridge
2018-19,33.0,SAS,NBA,C,81.0,81.0,33.2,8.4,16.3,0.519,0.1,0.5,0.238,8.3,15.8,0.528,0.522,4.3,5.1,0.847,3.1,6.1,9.2,2.4,0.5,1.3,1.8,2.2,21.3,LaMarcus Aldridge
2019-20,34.0,SAS,NBA,C,53.0,53.0,33.1,7.4,15.0,0.493,1.2,3.0,0.389,6.2,12.0,0.519,0.532,3.0,3.6,0.827,1.9,5.5,7.4,2.4,0.7,1.6,1.4,2.4,18.9,LaMarcus Aldridge
2020-21,35.0,TOT,NBA,C,26.0,23.0,25.9,5.4,11.4,0.473,1.2,3.1,0.388,4.2,8.3,0.505,0.525,1.6,1.8,0.872,0.7,3.8,4.5,1.9,0.4,1.1,1.0,1.8,13.5,LaMarcus Aldridge
2020-21,35.0,SAS,NBA,C,21.0,18.0,25.9,5.5,11.8,0.464,1.3,3.6,0.36,4.2,8.2,0.509,0.518,1.5,1.8,0.838,0.8,3.7,4.5,1.7,0.4,0.9,1.0,1.7,13.7,LaMarcus Aldridge
2020-21,35.0,BRK,NBA,C,5.0,5.0,26.0,5.0,9.6,0.521,0.8,1.0,0.8,4.2,8.6,0.488,0.563,2.0,2.0,1.0,0.4,4.4,4.8,2.6,0.6,2.2,1.4,2.2,12.8,LaMarcus Aldridge
2021-22,36.0,BRK,NBA,C,47.0,12.0,22.3,5.4,9.7,0.55,0.3,1.0,0.304,5.1,8.8,0.578,0.566,1.9,2.2,0.873,1.6,3.9,5.5,0.9,0.3,1.0,0.9,1.7,12.9,LaMarcus Aldridge
2012-13,22.0,POR,NBA,SG,73.0,5.0,12.2,1.6,4.2,0.382,0.1,0.9,0.138,1.5,3.3,0.447,0.396,0.7,0.9,0.769,0.5,1.5,2.0,0.8,0.5,0.1,0.8,0.8,4.0,Will Barton
2013-14,23.0,POR,NBA,SG,41.0,0.0,9.4,1.6,3.8,0.417,0.2,0.8,0.303,1.3,3.0,0.447,0.449,0.6,0.8,0.813,0.4,1.4,1.8,0.8,0.2,0.2,0.4,0.8,4.0,Will Barton
2014-15,24.0,TOT,NBA,SG,58.0,0.0,16.9,2.6,6.1,0.425,0.4,1.5,0.271,2.2,4.6,0.474,0.458,1.3,1.6,0.787,0.4,2.3,2.8,1.4,0.8,0.3,1.1,1.2,6.8,Will Barton
2014-15,24.0,POR,NBA,SG,30.0,0.0,10.0,1.3,3.3,0.38,0.1,0.6,0.222,1.1,2.7,0.415,0.4,0.3,0.5,0.667,0.1,1.0,1.1,0.9,0.5,0.1,0.6,0.7,3.0,Will Barton
2014-15,24.0,DEN,NBA,SG,28.0,0.0,24.4,4.0,9.0,0.443,0.7,2.4,0.284,3.3,6.6,0.5,0.48,2.3,2.8,0.81,0.8,3.8,4.6,1.9,1.2,0.5,1.6,1.8,11.0,Will Barton
2015-16,25.0,DEN,NBA,SG,82.0,1.0,28.7,5.2,12.0,0.432,1.4,4.0,0.345,3.8,8.0,0.476,0.489,2.6,3.3,0.806,0.7,5.1,5.8,2.5,0.9,0.5,1.7,1.8,14.4,Will Barton
2016-17,26.0,DEN,NBA,SG,60.0,19.0,28.4,4.9,11.1,0.443,1.5,3.9,0.37,3.5,7.2,0.483,0.508,2.4,3.2,0.753,1.0,3.4,4.3,3.4,0.8,0.5,1.6,1.8,13.7,Will Barton
2017-18,27.0,DEN,NBA,SG,81.0,40.0,33.1,5.7,12.7,0.452,1.9,5.2,0.37,3.8,7.5,0.51,0.528,2.2,2.8,0.805,0.9,4.2,5.0,4.1,1.0,0.6,1.8,2.1,15.7,Will Barton
2018-19,28.0,DEN,NBA,SF,43.0,38.0,27.7,4.3,10.7,0.402,1.6,4.6,0.342,2.7,6.1,0.447,0.475,1.3,1.7,0.77,0.7,3.9,4.6,2.9,0.4,0.5,1.5,1.9,11.5,Will Barton
2019-20,29.0,DEN,NBA,SF,58.0,58.0,33.0,5.7,12.7,0.45,1.9,5.0,0.375,3.9,7.8,0.498,0.523,1.8,2.3,0.767,1.3,5.0,6.3,3.7,1.1,0.5,1.5,2.1,15.1,Will Barton
2020-21,30.0,DEN,NBA,SF,56.0,52.0,31.0,4.6,10.9,0.426,1.8,4.6,0.381,2.9,6.3,0.459,0.507,1.7,2.2,0.785,0.7,3.3,4.0,3.2,0.9,0.4,1.7,1.7,12.7,Will Barton
2021-22,31.0,DEN,NBA,SG,71.0,71.0,32.1,5.5,12.6,0.438,2.2,6.1,0.365,3.3,6.6,0.504,0.525,1.4,1.8,0.803,0.6,4.2,4.8,3.9,0.8,0.4,1.8,1.6,14.7,Will Barton
2022-23,32.0,TOT,NBA,SG,56.0,2.0,17.7,2.5,6.5,0.379,1.2,3.2,0.367,1.3,3.3,0.391,0.47,0.7,0.8,0.787,0.3,2.2,2.4,2.0,0.5,0.2,0.9,1.0,6.8,Will Barton
2022-23,32.0,WAS,NBA,SG,40.0,0.0,19.6,2.8,7.1,0.386,1.3,3.5,0.377,1.5,3.7,0.395,0.477,0.9,1.1,0.778,0.3,2.5,2.8,2.4,0.4,0.3,1.1,1.0,7.7,Will Barton
2022-23,32.0,TOR,NBA,SG,16.0,2.0,13.2,1.8,4.9,0.354,0.9,2.6,0.333,0.9,2.3,0.378,0.443,0.1,0.1,1.0,0.3,1.3,1.6,1.1,0.7,0.2,0.2,1.1,4.5,Will Barton
2008-09,20.0,POR,NBA,SF,79.0,76.0,18.4,2.0,4.6,0.446,0.8,2.1,0.369,1.3,2.4,0.513,0.532,0.5,0.7,0.808,1.1,1.7,2.8,0.9,0.6,0.5,0.6,1.8,5.4,Nicolas Batum
2009-10,21.0,POR,NBA,SF,37.0,25.0,24.8,3.8,7.2,0.519,1.5,3.6,0.409,2.3,3.7,0.625,0.619,1.2,1.4,0.843,0.9,2.9,3.8,1.2,0.6,0.7,0.7,2.2,10.1,Nicolas Batum
2010-11,22.0,POR,NBA,SF,80.0,67.0,31.5,4.6,10.1,0.455,1.5,4.3,0.345,3.1,5.8,0.535,0.528,1.7,2.1,0.841,1.4,3.2,4.5,1.5,0.9,0.6,1.0,2.4,12.4,Nicolas Batum
2011-12,23.0,POR,NBA,SF,59.0,34.0,30.4,4.9,10.9,0.451,1.8,4.6,0.391,3.1,6.2,0.496,0.534,2.3,2.7,0.836,1.4,3.2,4.6,1.4,1.0,1.0,1.5,1.8,13.9,Nicolas Batum
2012-13,24.0,POR,NBA,SF,73.0,73.0,38.5,4.8,11.4,0.423,2.3,6.1,0.372,2.6,5.3,0.481,0.522,2.4,2.9,0.848,1.3,4.3,5.6,4.9,1.2,1.1,2.6,1.9,14.3,Nicolas Batum
2013-14,25.0,POR,NBA,SF,82.0,82.0,36.0,4.6,10.0,0.465,1.8,4.9,0.361,2.9,5.1,0.566,0.554,2.0,2.5,0.803,1.4,6.0,7.5,5.1,0.9,0.7,2.5,1.9,13.0,Nicolas Batum
2014-15,26.0,POR,NBA,SF,71.0,71.0,33.5,3.4,8.5,0.4,1.4,4.4,0.324,2.0,4.1,0.481,0.483,1.2,1.4,0.857,0.9,5.0,5.9,4.8,1.1,0.6,1.9,1.5,9.4,Nicolas Batum
2015-16,27.0,CHO,NBA,SF,70.0,70.0,35.0,5.3,12.5,0.426,2.0,5.7,0.348,3.3,6.8,0.492,0.506,2.3,2.7,0.849,0.8,5.3,6.1,5.8,0.9,0.6,2.9,1.6,14.9,Nicolas Batum
2016-17,28.0,CHO,NBA,SG,77.0,77.0,34.0,5.1,12.7,0.403,1.8,5.3,0.333,3.4,7.4,0.453,0.472,3.2,3.7,0.856,0.6,5.6,6.2,5.9,1.1,0.4,2.5,1.4,15.1,Nicolas Batum
2017-18,29.0,CHO,NBA,SG,64.0,64.0,31.0,4.2,10.2,0.415,1.4,4.3,0.336,2.8,5.9,0.473,0.486,1.7,2.0,0.831,0.9,3.9,4.8,5.5,1.0,0.4,2.0,1.1,11.6,Nicolas Batum
2018-19,30.0,CHO,NBA,SF,75.0,72.0,31.4,3.4,7.5,0.45,1.5,4.0,0.389,1.8,3.5,0.519,0.553,1.0,1.2,0.865,0.9,4.3,5.2,3.3,0.9,0.6,1.6,1.9,9.3,Nicolas Batum
2019-20,31.0,CHO,NBA,SF,22.0,3.0,23.0,1.3,3.7,0.346,0.6,2.2,0.286,0.6,1.5,0.438,0.432,0.4,0.5,0.9,1.1,3.4,4.5,3.0,0.8,0.4,1.0,1.9,3.6,Nicolas Batum
2020-21,32.0,LAC,NBA,SF,67.0,38.0,27.4,2.9,6.1,0.464,1.6,4.1,0.404,1.2,2.1,0.579,0.597,0.7,0.9,0.828,0.7,4.0,4.7,2.2,1.0,0.6,0.8,1.5,8.1,Nicolas Batum
2021-22,33.0,LAC,NBA,PF,59.0,54.0,24.8,3.0,6.6,0.463,1.8,4.6,0.4,1.2,2.0,0.607,0.602,0.4,0.6,0.658,0.5,3.8,4.3,1.7,1.0,0.7,0.7,1.4,8.3,Nicolas Batum
2022-23,34.0,LAC,NBA,PF,78.0,19.0,21.9,2.1,4.9,0.42,1.6,4.1,0.391,0.5,0.8,0.563,0.583,0.4,0.6,0.708,0.8,3.0,3.8,1.6,0.7,0.6,0.6,1.9,6.1,Nicolas Batum
2012-13,24.0,POR,NBA,SF,49.0,16.0,16.6,1.5,3.9,0.392,0.5,1.8,0.287,1.0,2.1,0.48,0.458,0.3,0.6,0.467,0.6,1.8,2.4,0.9,0.5,0.2,0.9,1.5,3.8,Victor Claver
2013-14,25.0,POR,NBA,SF,21.0,0.0,8.8,0.8,2.0,0.405,0.1,0.9,0.167,0.7,1.1,0.583,0.44,0.5,0.5,0.909,0.4,1.4,1.9,0.6,0.1,0.1,0.5,0.8,2.2,Victor Claver
2014-15,26.0,POR,NBA,SF,10.0,0.0,7.6,0.9,2.0,0.45,0.6,1.1,0.545,0.3,0.9,0.333,0.6,0.0,0.0,0.0,0.3,1.7,2.0,0.1,0.1,0.1,0.4,1.2,2.4,Victor Claver
2013-14,21.0,POR,NBA,SG,15.0,0.0,6.7,0.8,2.2,0.364,0.4,0.9,0.429,0.4,1.3,0.316,0.455,0.2,0.3,0.75,0.1,0.5,0.6,0.4,0.1,0.1,0.2,0.7,2.2,Allen Crabbe
2014-15,22.0,POR,NBA,SG,51.0,9.0,13.4,1.2,3.0,0.412,0.6,1.7,0.353,0.6,1.3,0.485,0.51,0.2,0.3,0.75,0.1,1.3,1.4,0.8,0.4,0.3,0.3,1.5,3.3,Allen Crabbe
2015-16,23.0,POR,NBA,SG,81.0,8.0,26.0,3.8,8.4,0.459,1.4,3.5,0.393,2.5,4.9,0.506,0.541,1.2,1.4,0.867,0.3,2.3,2.7,1.2,0.8,0.2,0.8,2.4,10.3,Allen Crabbe
2016-17,24.0,POR,NBA,SG,79.0,7.0,28.5,3.8,8.2,0.468,1.7,3.8,0.444,2.1,4.4,0.49,0.572,1.3,1.6,0.847,0.2,2.6,2.9,1.2,0.7,0.3,0.8,2.2,10.7,Allen Crabbe
2017-18,25.0,BRK,NBA,SG,75.0,68.0,29.3,4.5,11.0,0.407,2.7,7.1,0.378,1.8,3.9,0.461,0.529,1.5,1.8,0.852,0.4,3.9,4.3,1.6,0.6,0.5,1.0,2.2,13.2,Allen Crabbe
2018-19,26.0,BRK,NBA,SG,43.0,20.0,26.3,3.2,8.7,0.367,2.3,6.0,0.378,0.9,2.7,0.342,0.499,1.0,1.3,0.732,0.4,3.1,3.4,1.1,0.5,0.3,1.1,2.4,9.6,Allen Crabbe
2019-20,27.0,TOT,NBA,"SF,SG",37.0,1.0,17.6,1.7,4.8,0.356,1.0,3.2,0.303,0.7,1.6,0.466,0.458,0.3,0.4,0.714,0.3,1.8,2.1,0.9,0.4,0.1,0.5,1.3,4.6,Allen Crabbe
2019-20,27.0,ATL,NBA,SG,28.0,1.0,18.6,1.9,5.1,0.364,1.1,3.3,0.323,0.8,1.8,0.44,0.469,0.3,0.4,0.75,0.4,2.0,2.3,1.0,0.5,0.1,0.4,1.3,5.1,Allen Crabbe
2019-20,27.0,MIN,NBA,SF,9.0,0.0,14.6,1.2,3.8,0.324,0.7,2.9,0.231,0.6,0.9,0.625,0.412,0.1,0.2,0.5,0.1,1.2,1.3,0.6,0.0,0.0,0.6,1.2,3.2,Allen Crabbe
2014-15,24.0,TOT,NBA,PG,11.0,3.0,21.7,1.9,5.5,0.344,0.5,1.5,0.294,1.5,4.0,0.364,0.385,0.9,1.9,0.476,0.5,2.0,2.5,5.5,0.7,0.0,2.3,2.4,5.2,Tim Frazier
2014-15,24.0,PHI,NBA,PG,6.0,3.0,28.5,2.2,7.2,0.302,0.5,1.8,0.273,1.7,5.3,0.313,0.337,0.8,2.5,0.333,0.7,2.5,3.2,7.2,1.0,0.0,3.0,2.7,5.7,Tim Frazier
2014-15,24.0,POR,NBA,PG,5.0,0.0,13.6,1.6,3.6,0.444,0.4,1.2,0.333,1.2,2.4,0.5,0.5,1.0,1.2,0.833,0.4,1.4,1.8,3.4,0.4,0.0,1.4,2.0,4.6,Tim Frazier
2015-16,25.0,TOT,NBA,PG,51.0,2.0,14.5,1.9,4.5,0.419,0.3,0.9,0.333,1.6,3.5,0.442,0.454,1.0,1.5,0.716,0.5,1.6,2.2,3.2,0.6,0.0,1.3,1.4,5.1,Tim Frazier
2015-16,25.0,POR,NBA,PG,35.0,1.0,7.8,0.6,1.7,0.333,0.1,0.5,0.176,0.5,1.2,0.395,0.358,0.2,0.4,0.533,0.3,0.8,1.1,1.2,0.3,0.0,0.8,0.9,1.5,Tim Frazier
2015-16,25.0,NOP,NBA,PG,16.0,1.0,29.3,4.8,10.6,0.45,0.8,1.9,0.419,3.9,8.6,0.457,0.488,2.8,3.7,0.763,0.9,3.5,4.4,7.5,1.4,0.1,2.4,2.6,13.1,Tim Frazier
2016-17,26.0,NOP,NBA,PG,65.0,35.0,23.5,2.5,6.2,0.403,0.6,2.0,0.313,1.9,4.2,0.446,0.453,1.5,2.0,0.76,0.5,2.1,2.7,5.2,0.9,0.1,1.6,2.0,7.1,Tim Frazier
2017-18,27.0,WAS,NBA,PG,59.0,11.0,14.2,1.2,2.9,0.395,0.3,0.9,0.304,0.9,2.0,0.44,0.445,0.4,0.5,0.767,0.3,1.6,1.9,3.3,0.8,0.1,1.0,1.6,3.0,Tim Frazier
2018-19,28.0,TOT,NBA,PG,59.0,19.0,19.0,2.0,4.4,0.444,0.6,1.7,0.366,1.3,2.7,0.494,0.515,0.7,0.9,0.759,0.7,2.2,2.8,4.2,0.5,0.1,1.3,1.9,5.3,Tim Frazier
2018-19,28.0,NOP,NBA,PG,47.0,17.0,19.3,1.9,4.1,0.451,0.6,1.6,0.351,1.3,2.5,0.517,0.521,0.7,0.9,0.78,0.7,2.2,2.9,4.4,0.5,0.1,1.3,2.0,5.0,Tim Frazier
2018-19,28.0,MIL,NBA,PG,12.0,2.0,17.6,2.3,5.5,0.424,0.8,2.0,0.417,1.5,3.5,0.429,0.5,0.8,1.1,0.692,0.8,1.8,2.6,3.5,0.4,0.1,1.3,1.6,6.3,Tim Frazier
2019-20,29.0,DET,NBA,PG,27.0,11.0,13.1,1.3,3.5,0.362,0.4,1.1,0.333,0.9,2.4,0.375,0.415,0.7,0.9,0.792,0.3,0.9,1.2,3.4,0.5,0.1,1.3,1.6,3.6,Tim Frazier
2020-21,30.0,MEM,NBA,PG,5.0,0.0,12.4,0.6,4.0,0.15,0.0,1.6,0.0,0.6,2.4,0.25,0.15,0.4,1.2,0.333,0.0,1.6,1.6,3.2,0.4,0.2,0.8,1.4,1.6,Tim Frazier
2021-22,31.0,TOT,NBA,PG,12.0,3.0,17.3,1.2,3.8,0.311,0.5,1.4,0.353,0.7,2.3,0.286,0.378,0.4,0.8,0.556,0.4,1.2,1.6,2.8,0.3,0.1,1.3,2.3,3.3,Tim Frazier
2021-22,31.0,ORL,NBA,PG,10.0,3.0,20.0,1.3,4.3,0.302,0.6,1.7,0.353,0.7,2.6,0.269,0.372,0.5,0.9,0.556,0.5,1.4,1.9,3.3,0.3,0.1,1.3,2.4,3.7,Tim Frazier
2021-22,31.0,CLE,NBA,PG,2.0,0.0,4.0,0.5,1.0,0.5,0.0,0.0,0.0,0.5,1.0,0.5,0.5,0.0,0.0,0.0,0.0,0.0,0.0,0.5,0.0,0.0,1.0,1.5,1.0,Tim Frazier
2012-13,25.0,POR,NBA,PF,51.0,1.0,9.4,1.1,2.8,0.408,0.0,0.0,0.0,1.1,2.8,0.408,0.408,0.4,0.5,0.667,0.8,1.5,2.3,0.3,0.3,0.2,0.4,1.3,2.6,Joel Freeland
2013-14,26.0,POR,NBA,C,52.0,0.0,14.0,1.5,3.1,0.475,0.0,0.0,0.0,1.5,3.1,0.481,0.475,0.4,0.6,0.69,1.7,2.3,4.0,0.7,0.2,0.4,0.6,1.8,3.3,Joel Freeland
2014-15,27.0,POR,NBA,C,48.0,8.0,12.9,1.5,3.1,0.49,0.0,0.0,0.0,1.5,3.1,0.49,0.49,0.4,0.5,0.84,1.3,2.7,4.0,0.3,0.2,0.5,0.5,1.9,3.5,Joel Freeland
2009-10,22.0,WAS,NBA,SG,11.0,2.0,16.5,2.5,5.4,0.475,0.6,0.8,0.778,1.9,4.5,0.42,0.534,1.6,2.6,0.621,1.4,1.6,3.0,0.6,0.6,0.1,0.9,1.2,7.4,Alonzo Gee
2010-11,23.0,TOT,NBA,SG,56.0,34.0,20.0,2.2,4.7,0.458,0.3,0.9,0.333,1.9,3.8,0.488,0.491,1.3,1.6,0.783,1.1,2.1,3.3,0.7,0.7,0.3,1.0,1.7,5.9,Alonzo Gee
2010-11,23.0,SAS,NBA,SG,5.0,0.0,3.6,0.2,0.6,0.333,0.0,0.0,0.0,0.2,0.6,0.333,0.333,0.0,0.0,0.0,0.4,0.2,0.6,0.0,0.0,0.4,0.6,0.6,0.4,Alonzo Gee
2010-11,23.0,WAS,NBA,SG,11.0,5.0,11.5,1.1,2.5,0.444,0.0,0.2,0.0,1.1,2.3,0.48,0.444,0.7,1.1,0.667,1.0,1.0,2.0,0.5,0.6,0.0,0.7,0.9,2.9,Alonzo Gee
2010-11,23.0,CLE,NBA,SG,40.0,29.0,24.3,2.7,5.9,0.462,0.4,1.2,0.347,2.3,4.6,0.492,0.498,1.6,2.0,0.8,1.2,2.7,3.9,0.8,0.8,0.4,1.1,2.0,7.4,Alonzo Gee
2011-12,24.0,CLE,NBA,SG,63.0,31.0,29.0,3.6,8.7,0.412,0.7,2.2,0.321,2.9,6.6,0.442,0.452,2.7,3.4,0.788,1.6,3.5,5.1,1.8,1.3,0.3,1.8,2.4,10.6,Alonzo Gee
2012-13,25.0,CLE,NBA,SF,82.0,82.0,31.0,3.7,9.1,0.41,0.8,2.7,0.315,2.9,6.4,0.45,0.456,2.0,2.5,0.795,0.9,3.0,3.9,1.6,1.3,0.4,1.6,2.4,10.3,Alonzo Gee
2013-14,26.0,CLE,NBA,SF,65.0,24.0,15.7,1.5,3.6,0.415,0.3,0.9,0.328,1.2,2.7,0.444,0.456,0.7,0.9,0.705,0.5,1.8,2.3,0.7,0.6,0.2,0.7,1.5,4.0,Alonzo Gee
2014-15,27.0,TOT,NBA,SF,54.0,2.0,12.3,1.6,3.4,0.468,0.2,0.6,0.371,1.4,2.8,0.49,0.503,1.0,1.4,0.701,0.7,1.1,1.7,0.5,0.6,0.1,0.6,1.1,4.5,Alonzo Gee
2014-15,27.0,DEN,NBA,SF,39.0,0.0,13.1,1.7,3.5,0.482,0.3,0.6,0.417,1.4,2.9,0.496,0.518,1.2,1.7,0.738,0.7,1.1,1.8,0.5,0.7,0.2,0.6,1.1,4.9,Alonzo Gee
2014-15,27.0,POR,NBA,SF,15.0,2.0,10.1,1.4,3.3,0.429,0.2,0.7,0.273,1.2,2.5,0.474,0.459,0.4,0.8,0.5,0.5,1.1,1.6,0.4,0.5,0.1,0.5,1.1,3.4,Alonzo Gee
2015-16,28.0,NOP,NBA,SF,73.0,38.0,22.4,1.8,3.5,0.518,0.2,0.8,0.283,1.6,2.7,0.59,0.551,0.6,0.9,0.667,0.8,2.5,3.4,1.0,0.9,0.2,0.8,2.3,4.5,Alonzo Gee
2016-17,29.0,DEN,NBA,SF,13.0,0.0,6.8,0.2,1.1,0.214,0.0,0.2,0.0,0.2,0.8,0.273,0.214,0.4,0.7,0.556,0.3,0.8,1.2,0.5,0.4,0.1,0.3,1.1,0.8,Alonzo Gee
2012-13,20.0,POR,NBA,C,69.0,9.0,17.5,2.2,4.0,0.545,0.0,0.1,0.429,2.1,3.9,0.548,0.551,1.0,1.3,0.809,1.2,2.5,3.7,0.5,0.2,0.6,0.7,2.4,5.5,Meyers Leonard
2013-14,21.0,POR,NBA,C,40.0,0.0,8.9,1.0,2.3,0.451,0.0,0.2,0.0,1.0,2.1,0.482,0.451,0.4,0.5,0.762,0.7,2.1,2.8,0.5,0.2,0.1,0.4,1.9,2.5,Meyers Leonard
2014-15,22.0,POR,NBA,C,55.0,7.0,15.4,2.3,4.5,0.51,0.9,2.0,0.42,1.4,2.4,0.586,0.606,0.5,0.6,0.938,0.8,3.7,4.5,0.6,0.2,0.3,0.7,2.1,5.9,Meyers Leonard
2015-16,23.0,POR,NBA,PF,61.0,10.0,21.9,3.2,7.1,0.448,1.4,3.7,0.377,1.8,3.4,0.527,0.547,0.6,0.8,0.761,0.8,4.3,5.1,1.5,0.1,0.3,1.3,3.0,8.4,Meyers Leonard
2016-17,24.0,POR,NBA,PF,74.0,12.0,16.5,2.0,5.1,0.386,1.0,2.9,0.347,1.0,2.2,0.436,0.484,0.5,0.5,0.875,0.4,2.8,3.2,1.0,0.2,0.4,0.5,2.3,5.4,Meyers Leonard
2017-18,25.0,POR,NBA,C,33.0,2.0,7.7,1.4,2.4,0.59,0.3,0.8,0.423,1.1,1.6,0.673,0.66,0.3,0.3,0.818,0.4,1.8,2.1,0.5,0.2,0.0,0.3,1.1,3.4,Meyers Leonard
2018-19,26.0,POR,NBA,C,61.0,2.0,14.4,2.2,4.0,0.545,0.8,1.8,0.45,1.3,2.1,0.626,0.649,0.7,0.8,0.843,0.8,3.0,3.8,1.2,0.2,0.1,0.7,1.7,5.9,Meyers Leonard
2019-20,27.0,MIA,NBA,C,51.0,49.0,20.3,2.3,4.6,0.509,1.0,2.5,0.414,1.3,2.1,0.623,0.622,0.4,0.5,0.643,0.6,4.5,5.1,1.1,0.3,0.3,0.8,2.1,6.1,Meyers Leonard
2020-21,28.0,MIA,NBA,C,3.0,2.0,9.7,1.0,2.3,0.429,1.0,2.3,0.429,0.0,0.0,0.0,0.643,0.3,0.7,0.5,0.0,2.3,2.3,0.7,0.0,0.0,0.7,1.7,3.3,Meyers Leonard
2022-23,30.0,MIL,NBA,C,9.0,2.0,12.7,1.6,3.2,0.483,0.8,2.0,0.389,0.8,1.2,0.636,0.603,0.9,1.0,0.889,1.3,2.4,3.8,0.1,0.2,0.0,0.7,1.8,4.8,Meyers Leonard
2012-13,22.0,POR,NBA,PG,82.0,82.0,38.6,6.7,15.7,0.429,2.3,6.1,0.368,4.5,9.6,0.469,0.501,3.3,3.9,0.844,0.5,2.6,3.1,6.5,0.9,0.2,3.0,2.1,19.0,Damian Lillard
2013-14,23.0,POR,NBA,PG,82.0,82.0,35.8,6.7,15.9,0.424,2.7,6.8,0.394,4.1,9.1,0.447,0.508,4.5,5.2,0.871,0.4,3.1,3.5,5.6,0.8,0.3,2.4,2.4,20.7,Damian Lillard
2014-15,24.0,POR,NBA,PG,82.0,82.0,35.7,7.2,16.6,0.434,2.4,7.0,0.343,4.8,9.6,0.5,0.506,4.2,4.9,0.864,0.6,4.0,4.6,6.2,1.2,0.3,2.7,2.0,21.0,Damian Lillard
2015-16,25.0,POR,NBA,PG,75.0,75.0,35.7,8.2,19.7,0.419,3.1,8.1,0.375,5.2,11.5,0.45,0.497,5.5,6.2,0.892,0.6,3.4,4.0,6.8,0.9,0.4,3.2,2.2,25.1,Damian Lillard
2016-17,26.0,POR,NBA,PG,75.0,75.0,35.9,8.8,19.8,0.444,2.9,7.7,0.37,6.0,12.1,0.492,0.516,6.5,7.3,0.895,0.6,4.3,4.9,5.9,0.9,0.3,2.6,2.0,27.0,Damian Lillard
2017-18,27.0,POR,NBA,PG,73.0,73.0,36.6,8.5,19.4,0.439,3.1,8.6,0.361,5.4,10.8,0.501,0.519,6.8,7.4,0.916,0.8,3.6,4.5,6.6,1.1,0.4,2.8,1.6,26.9,Damian Lillard
2018-19,28.0,POR,NBA,PG,80.0,80.0,35.5,8.5,19.2,0.444,3.0,8.0,0.369,5.6,11.1,0.499,0.522,5.9,6.4,0.912,0.9,3.8,4.6,6.9,1.1,0.4,2.7,1.9,25.8,Damian Lillard
2019-20,29.0,POR,NBA,PG,66.0,66.0,37.5,9.5,20.4,0.463,4.1,10.2,0.401,5.4,10.2,0.524,0.563,7.0,7.8,0.888,0.5,3.8,4.3,8.0,1.1,0.3,2.9,1.7,30.0,Damian Lillard
2020-21,30.0,POR,NBA,PG,67.0,67.0,35.8,9.0,19.9,0.451,4.1,10.5,0.391,4.9,9.4,0.519,0.554,6.7,7.2,0.928,0.5,3.7,4.2,7.5,0.9,0.3,3.0,1.5,28.8,Damian Lillard
2021-22,31.0,POR,NBA,PG,29.0,29.0,36.4,7.7,19.0,0.402,3.2,9.8,0.324,4.5,9.2,0.485,0.486,5.5,6.2,0.878,0.4,3.7,4.1,7.3,0.6,0.4,2.9,1.3,24.0,Damian Lillard
2022-23,32.0,POR,NBA,PG,58.0,58.0,36.3,9.6,20.7,0.463,4.2,11.3,0.371,5.4,9.4,0.574,0.564,8.8,9.6,0.914,0.8,4.0,4.8,7.3,0.9,0.3,3.3,1.9,32.2,Damian Lillard
2008-09,20.0,PHO,NBA,C,60.0,7.0,10.2,1.2,2.3,0.518,0.0,0.0,0.0,1.2,2.3,0.522,0.518,0.8,1.1,0.691,0.9,1.1,2.0,0.1,0.2,0.7,0.5,1.6,3.2,Robin Lopez
2009-10,21.0,PHO,NBA,C,51.0,31.0,19.3,3.4,5.7,0.588,0.0,0.0,0.0,3.4,5.7,0.588,0.588,1.7,2.5,0.704,2.0,2.8,4.9,0.1,0.2,1.0,0.8,2.3,8.4,Robin Lopez
2010-11,22.0,PHO,NBA,C,67.0,56.0,14.8,2.7,5.3,0.501,0.0,0.0,0.0,2.7,5.3,0.501,0.501,1.1,1.5,0.74,1.2,2.0,3.2,0.1,0.3,0.7,0.7,2.1,6.4,Robin Lopez
2011-12,23.0,PHO,NBA,C,64.0,0.0,14.0,1.9,4.2,0.461,0.0,0.0,0.0,1.9,4.2,0.461,0.461,1.6,2.2,0.714,1.4,1.9,3.3,0.3,0.3,0.9,0.7,2.0,5.4,Robin Lopez
2012-13,24.0,NOH,NBA,C,82.0,82.0,26.0,4.7,8.8,0.534,0.0,0.0,0.0,4.7,8.8,0.534,0.534,2.0,2.5,0.778,2.8,2.9,5.6,0.8,0.4,1.6,1.3,2.0,11.3,Robin Lopez
2013-14,25.0,POR,NBA,C,82.0,82.0,31.7,4.3,7.9,0.551,0.0,0.0,0.0,4.3,7.8,0.552,0.551,2.4,3.0,0.818,4.0,4.6,8.5,0.9,0.3,1.7,1.0,2.4,11.1,Robin Lopez
2014-15,26.0,POR,NBA,C,59.0,59.0,27.8,4.0,7.4,0.535,0.0,0.0,0.0,4.0,7.4,0.537,0.535,1.7,2.2,0.772,3.2,3.5,6.7,0.9,0.3,1.4,1.2,2.1,9.6,Robin Lopez
2015-16,27.0,NYK,NBA,C,82.0,82.0,27.1,4.4,8.1,0.539,0.0,0.0,0.0,4.4,8.1,0.54,0.539,1.6,2.0,0.795,3.3,4.1,7.3,1.4,0.2,1.6,1.6,2.2,10.3,Robin Lopez
2016-17,28.0,CHI,NBA,C,81.0,81.0,28.0,4.7,9.6,0.493,0.0,0.0,0.0,4.7,9.5,0.494,0.493,0.9,1.3,0.721,3.0,3.4,6.4,1.0,0.2,1.4,1.1,1.9,10.4,Robin Lopez
2017-18,29.0,CHI,NBA,C,64.0,64.0,26.4,5.3,10.1,0.53,0.1,0.2,0.286,5.3,9.9,0.536,0.533,1.1,1.4,0.756,2.1,2.4,4.5,1.9,0.2,0.8,1.7,1.7,11.8,Robin Lopez
2018-19,30.0,CHI,NBA,C,74.0,36.0,21.7,4.1,7.2,0.568,0.1,0.4,0.226,4.0,6.8,0.589,0.575,1.2,1.7,0.724,1.9,2.0,3.9,1.2,0.1,1.1,1.3,1.7,9.5,Robin Lopez
2019-20,31.0,MIL,NBA,C,66.0,5.0,14.5,2.2,4.5,0.492,0.5,1.6,0.333,1.7,2.9,0.577,0.55,0.4,0.8,0.528,0.8,1.6,2.4,0.7,0.2,0.7,1.0,1.5,5.4,Robin Lopez
2020-21,32.0,WAS,NBA,C,71.0,9.0,19.1,3.8,6.0,0.633,0.1,0.3,0.278,3.7,5.7,0.649,0.639,1.4,1.9,0.723,2.0,1.8,3.8,0.8,0.2,0.6,1.1,1.5,9.0,Robin Lopez
2021-22,33.0,ORL,NBA,C,36.0,9.0,17.0,3.1,5.5,0.553,0.1,0.2,0.333,3.0,5.4,0.56,0.558,0.9,1.5,0.593,1.9,1.6,3.5,1.5,0.1,0.5,1.2,1.9,7.1,Robin Lopez
2022-23,34.0,CLE,NBA,C,37.0,2.0,8.1,1.3,2.0,0.64,0.1,0.1,0.5,1.2,1.9,0.648,0.653,0.4,0.5,0.778,0.6,0.8,1.4,0.5,0.1,0.2,0.7,1.2,3.0,Robin Lopez
2009-10,23.0,UTA,NBA,SG,82.0,48.0,24.7,3.3,6.9,0.483,0.8,2.0,0.382,2.6,4.9,0.525,0.539,2.0,2.4,0.829,0.6,1.7,2.3,1.5,0.8,0.2,1.1,1.9,9.4,Wesley Matthews
2010-11,24.0,POR,NBA,SG,82.0,69.0,33.6,5.4,11.9,0.449,1.9,4.6,0.407,3.5,7.3,0.476,0.528,3.2,3.8,0.844,0.6,2.6,3.1,2.0,1.2,0.1,1.7,2.4,15.9,Wesley Matthews
2011-12,25.0,POR,NBA,SG,66.0,53.0,33.8,4.8,11.6,0.412,2.0,5.1,0.383,2.8,6.5,0.434,0.496,2.2,2.6,0.86,0.8,2.5,3.4,1.7,1.5,0.2,1.1,2.2,13.7,Wesley Matthews
2012-13,26.0,POR,NBA,SG,69.0,69.0,34.8,5.1,11.7,0.436,2.4,6.2,0.398,2.7,5.6,0.478,0.54,2.2,2.7,0.797,0.5,2.3,2.8,2.5,1.3,0.3,1.6,2.5,14.8,Wesley Matthews
2013-14,27.0,POR,NBA,SG,82.0,82.0,33.9,5.4,12.3,0.441,2.5,6.2,0.393,3.0,6.1,0.49,0.541,3.1,3.7,0.837,0.6,2.9,3.5,2.4,0.9,0.2,1.3,2.1,16.4,Wesley Matthews
2014-15,28.0,POR,NBA,SG,60.0,60.0,33.7,5.6,12.5,0.448,2.9,7.4,0.389,2.7,5.1,0.534,0.563,1.8,2.4,0.752,0.6,3.1,3.7,2.3,1.3,0.2,1.4,2.2,15.9,Wesley Matthews
2015-16,29.0,DAL,NBA,SF,78.0,78.0,33.9,4.2,10.9,0.388,2.4,6.7,0.36,1.8,4.2,0.432,0.498,1.6,1.9,0.863,0.3,2.7,3.1,1.9,1.0,0.2,1.0,2.3,12.5,Wesley Matthews
2016-17,30.0,DAL,NBA,SG,73.0,73.0,34.2,4.6,11.6,0.393,2.4,6.6,0.363,2.2,5.0,0.432,0.496,2.0,2.5,0.816,0.2,3.3,3.5,2.9,1.1,0.2,1.4,2.2,13.5,Wesley Matthews
2017-18,31.0,DAL,NBA,SF,63.0,62.0,33.8,4.5,11.1,0.406,2.4,6.4,0.381,2.1,4.7,0.441,0.516,1.3,1.6,0.822,0.4,2.7,3.1,2.7,1.2,0.3,1.3,2.2,12.7,Wesley Matthews
2018-19,32.0,TOT,NBA,"SF,SG",69.0,68.0,30.3,4.0,10.1,0.4,2.2,5.8,0.372,1.9,4.3,0.437,0.507,1.9,2.4,0.81,0.5,2.0,2.5,2.3,0.8,0.2,1.3,2.3,12.2,Wesley Matthews
2018-19,32.0,DAL,NBA,SF,44.0,44.0,29.8,4.4,10.7,0.414,2.3,6.0,0.38,2.1,4.7,0.456,0.52,2.0,2.5,0.791,0.5,1.9,2.3,2.3,0.8,0.3,1.3,2.3,13.1,Wesley Matthews
2018-19,32.0,NYK,NBA,SG,2.0,1.0,27.0,2.0,9.5,0.211,1.0,5.0,0.2,1.0,4.5,0.222,0.263,2.0,2.5,0.8,0.5,1.0,1.5,2.5,0.5,0.5,1.0,1.0,7.0,Wesley Matthews
2018-19,32.0,IND,NBA,SG,23.0,23.0,31.5,3.5,9.1,0.386,2.1,5.7,0.369,1.4,3.5,0.413,0.5,1.8,2.1,0.854,0.5,2.3,2.8,2.4,0.9,0.2,1.3,2.4,10.9,Wesley Matthews
2019-20,33.0,MIL,NBA,SG,67.0,67.0,24.4,2.5,6.3,0.396,1.6,4.4,0.364,0.9,1.9,0.472,0.524,0.8,1.0,0.765,0.3,2.1,2.5,1.4,0.6,0.1,0.6,1.5,7.4,Wesley Matthews
2020-21,34.0,LAL,NBA,SG,58.0,10.0,19.5,1.5,4.3,0.353,1.1,3.4,0.335,0.4,0.9,0.418,0.484,0.6,0.7,0.854,0.3,1.3,1.6,0.9,0.7,0.3,0.4,1.4,4.8,Wesley Matthews
2021-22,35.0,MIL,NBA,SG,49.0,14.0,20.4,1.8,4.5,0.395,1.1,3.2,0.338,0.7,1.3,0.54,0.516,0.4,0.6,0.786,0.6,1.3,1.9,0.7,0.5,0.2,0.4,1.8,5.1,Wesley Matthews
2022-23,36.0,MIL,NBA,SF,52.0,0.0,15.8,1.1,3.1,0.363,0.8,2.4,0.315,0.4,0.7,0.528,0.484,0.5,0.5,0.857,0.7,1.5,2.2,0.7,0.4,0.3,0.3,1.4,3.4,Wesley Matthews
2013-14,22.0,POR,NBA,SG,38.0,0.0,12.5,1.9,4.7,0.416,0.8,2.1,0.375,1.2,2.6,0.449,0.5,0.6,0.9,0.676,0.2,1.1,1.3,0.7,0.4,0.1,0.9,1.4,5.3,CJ McCollum
2014-15,23.0,POR,NBA,SG,62.0,3.0,15.7,2.6,5.9,0.436,0.9,2.2,0.396,1.7,3.6,0.46,0.511,0.8,1.2,0.699,0.2,1.2,1.5,1.0,0.7,0.1,0.8,1.3,6.8,CJ McCollum
2015-16,24.0,POR,NBA,SG,80.0,80.0,34.8,8.0,17.9,0.448,2.5,5.9,0.417,5.6,12.0,0.463,0.517,2.3,2.8,0.827,0.6,2.7,3.2,4.3,1.2,0.3,2.5,2.3,20.8,CJ McCollum
2016-17,25.0,POR,NBA,SG,80.0,80.0,35.0,8.7,18.0,0.48,2.3,5.5,0.421,6.3,12.5,0.506,0.544,3.4,3.7,0.912,0.8,2.9,3.6,3.6,0.9,0.5,2.2,2.5,23.0,CJ McCollum
2017-18,26.0,POR,NBA,SG,81.0,81.0,36.1,8.2,18.6,0.443,2.3,5.9,0.397,5.9,12.7,0.465,0.506,2.6,3.1,0.836,0.7,3.3,4.0,3.4,1.0,0.4,1.9,2.1,21.4,CJ McCollum
2018-19,27.0,POR,NBA,SG,70.0,70.0,33.9,8.2,17.8,0.459,2.4,6.4,0.375,5.8,11.4,0.506,0.527,2.3,2.7,0.828,0.9,3.1,4.0,3.0,0.8,0.4,1.5,2.5,21.0,CJ McCollum
2019-20,28.0,POR,NBA,SG,70.0,70.0,36.5,8.7,19.4,0.451,2.8,7.3,0.379,6.0,12.1,0.494,0.522,2.0,2.6,0.757,0.7,3.6,4.2,4.4,0.8,0.6,1.8,2.6,22.2,CJ McCollum
2020-21,29.0,POR,NBA,SG,47.0,47.0,34.0,8.6,18.8,0.458,3.6,8.9,0.402,5.0,9.9,0.509,0.554,2.3,2.8,0.812,0.6,3.3,3.9,4.7,0.9,0.4,1.4,1.9,23.1,CJ McCollum
2021-22,30.0,TOT,NBA,SG,62.0,62.0,34.6,8.6,18.8,0.46,2.9,7.6,0.388,5.7,11.2,0.509,0.539,1.9,2.7,0.682,0.9,3.5,4.3,5.1,1.1,0.4,2.0,2.0,22.1,CJ McCollum
2021-22,30.0,POR,NBA,SG,36.0,36.0,35.2,8.1,18.5,0.436,3.1,8.0,0.384,5.0,10.4,0.476,0.52,1.3,1.9,0.706,0.9,3.3,4.3,4.5,1.0,0.6,1.9,2.1,20.5,CJ McCollum
2021-22,30.0,NOP,NBA,SG,26.0,26.0,33.8,9.5,19.2,0.493,2.7,6.9,0.394,6.7,12.3,0.549,0.564,2.6,3.9,0.667,0.7,3.7,4.5,5.8,1.3,0.0,2.2,1.7,24.3,CJ McCollum
2022-23,31.0,NOP,NBA,SG,75.0,75.0,35.3,7.8,17.9,0.437,2.8,7.2,0.389,5.0,10.7,0.469,0.515,2.4,3.2,0.769,0.7,3.6,4.4,5.7,0.9,0.5,2.4,2.0,20.9,CJ McCollum
2012-13,21.0,TOT,NBA,PF,70.0,0.0,15.1,2.0,4.6,0.43,0.0,0.0,0.0,2.0,4.6,0.431,0.43,0.8,1.6,0.523,1.7,2.8,4.5,0.7,0.6,0.4,1.3,1.8,4.8,Thomas Robinson
2012-13,21.0,SAC,NBA,PF,51.0,0.0,15.9,2.0,4.8,0.424,0.0,0.0,0.0,2.0,4.8,0.424,0.424,0.8,1.4,0.577,1.8,2.9,4.7,0.7,0.5,0.4,1.3,1.9,4.8,Thomas Robinson
2012-13,21.0,HOU,NBA,PF,19.0,0.0,13.0,1.8,4.1,0.449,0.0,0.1,0.0,1.8,4.1,0.455,0.449,0.8,2.0,0.421,1.6,2.5,4.1,0.5,0.8,0.3,1.2,1.5,4.5,Thomas Robinson
2013-14,22.0,POR,NBA,PF,70.0,0.0,12.5,2.0,4.2,0.481,0.0,0.0,0.0,2.0,4.2,0.483,0.481,0.8,1.4,0.564,1.5,2.9,4.4,0.5,0.3,0.3,0.8,1.9,4.8,Thomas Robinson
2014-15,23.0,TOT,NBA,PF,54.0,4.0,14.8,2.3,4.8,0.485,0.0,0.0,0.0,2.3,4.8,0.488,0.485,1.0,2.0,0.528,1.8,3.9,5.6,0.6,0.6,0.4,1.1,1.9,5.7,Thomas Robinson
2014-15,23.0,POR,NBA,PF,32.0,4.0,12.2,1.5,2.8,0.516,0.0,0.0,0.0,1.5,2.8,0.516,0.516,0.7,1.5,0.438,1.0,3.1,4.2,0.3,0.5,0.3,1.0,1.7,3.6,Thomas Robinson
2014-15,23.0,PHI,NBA,PF,22.0,0.0,18.5,3.6,7.7,0.467,0.0,0.1,0.0,3.6,7.6,0.473,0.467,1.6,2.6,0.603,2.8,4.9,7.7,1.1,0.7,0.4,1.2,2.3,8.8,Thomas Robinson
2015-16,24.0,BRK,NBA,PF,71.0,7.0,12.9,1.8,4.1,0.447,0.0,0.0,0.0,1.8,4.1,0.448,0.447,0.7,1.5,0.431,1.9,3.1,5.1,0.6,0.5,0.5,1.0,1.6,4.3,Thomas Robinson
2016-17,25.0,LAL,NBA,PF,48.0,1.0,11.7,2.2,4.1,0.536,0.0,0.0,0.0,2.2,4.1,0.538,0.536,0.6,1.4,0.47,1.8,2.9,4.6,0.6,0.5,0.2,1.0,1.6,5.0,Thomas Robinson
