SEASON,AGE,TEAM,LEAGUE,POS,G,GS,MP,FG,FGA,FG%,3P,3PA,3P%,2P,2PA,2P%,FT,FTA,FT%,ORB,DRB,TRB,AST,STL,BLK,TOV,PF,PTS,PLAYER
2006-07,22.0,NYK,NBA,SF,68.0,1.0,1064.0,4.7,9.3,0.505,0.2,0.9,0.185,4.5,8.4,0.54,1.7,3.0,0.567,3.3,6.7,9.9,1.5,1.9,1.5,1.7,4.9,11.3,Renaldo Balkman
2007-08,23.0,NYK,NBA,SF,65.0,0.0,952.0,3.4,7.0,0.489,0.0,0.5,0.083,3.4,6.6,0.517,1.6,3.6,0.432,3.1,5.0,8.2,1.5,1.7,1.1,1.4,5.0,8.5,Renaldo Balkman
2008-09,24.0,DEN,NBA,PF,53.0,10.0,780.0,5.1,9.1,0.558,0.1,0.3,0.286,5.0,8.8,0.568,1.9,3.0,0.646,4.0,5.4,9.4,1.6,2.2,1.1,1.6,4.5,12.2,Renaldo Balkman
2009-10,25.0,DEN,NBA,SF,13.0,1.0,91.0,2.4,7.1,0.333,0.0,2.8,0.0,2.4,4.4,0.545,0.8,2.4,0.333,1.6,7.5,9.1,2.8,3.2,0.8,2.4,6.3,5.5,Renaldo Balkman
2010-11,26.0,TOT,NBA,SF,8.0,0.0,62.0,3.5,7.5,0.462,0.6,1.2,0.5,2.9,6.4,0.455,1.7,2.3,0.75,1.2,2.9,4.1,1.2,2.3,1.2,0.6,8.7,9.3,Renaldo Balkman
2010-11,26.0,DEN,NBA,SF,5.0,0.0,44.0,4.1,7.4,0.556,0.0,0.0,0.0,4.1,7.4,0.556,2.5,3.3,0.75,0.8,2.5,3.3,1.6,2.5,1.6,0.0,9.0,10.6,Renaldo Balkman
2010-11,26.0,NYK,NBA,SF,3.0,0.0,18.0,2.0,8.0,0.25,2.0,4.0,0.5,0.0,4.0,0.0,0.0,0.0,0.0,2.0,4.0,6.0,0.0,2.0,0.0,2.0,8.0,6.0,Renaldo Balkman
2011-12,27.0,NYK,NBA,SF,14.0,0.0,115.0,5.0,10.0,0.5,0.6,2.8,0.222,4.4,7.2,0.609,2.5,3.4,0.727,1.9,6.3,8.1,1.6,1.3,0.9,1.9,4.4,13.1,Renaldo Balkman
2009-10,22.0,CHA,NBA,SF,57.0,0.0,535.0,4.6,9.9,0.463,0.1,0.5,0.286,4.4,9.4,0.471,3.2,4.8,0.667,2.1,3.2,5.2,1.3,1.4,0.7,1.3,3.6,12.5,Derrick Brown
2010-11,23.0,TOT,NBA,SF,49.0,1.0,576.0,4.6,8.2,0.565,0.3,0.6,0.5,4.3,7.6,0.57,2.0,3.7,0.533,2.6,3.6,6.2,2.1,1.2,0.6,2.2,3.7,11.6,Derrick Brown
2010-11,23.0,CHA,NBA,SF,41.0,1.0,488.0,4.6,8.3,0.549,0.1,0.4,0.333,4.4,7.9,0.561,1.8,3.5,0.532,2.4,3.8,6.2,2.1,1.2,0.6,2.1,3.5,11.1,Derrick Brown
2010-11,23.0,NYK,NBA,SF,8.0,0.0,88.0,4.9,7.4,0.667,1.2,1.6,0.75,3.7,5.7,0.643,2.9,5.3,0.538,3.7,2.5,6.1,1.6,1.6,0.8,2.9,4.5,13.9,Derrick Brown
2011-12,24.0,CHA,NBA,SF,65.0,17.0,1443.0,5.3,10.2,0.518,0.1,0.6,0.25,5.1,9.6,0.535,2.3,3.5,0.667,2.4,3.5,5.9,1.7,1.2,0.3,1.4,2.4,13.1,Derrick Brown
2007-08,20.0,NYK,NBA,SF,35.0,16.0,685.0,5.6,12.7,0.438,0.5,1.6,0.3,5.1,11.1,0.458,1.8,2.8,0.63,2.0,4.7,6.7,1.7,0.8,0.8,1.4,4.4,13.4,Wilson Chandler
2008-09,21.0,NYK,NBA,SF,82.0,70.0,2735.0,6.0,13.9,0.432,1.4,4.1,0.328,4.6,9.7,0.476,2.3,2.8,0.795,1.2,4.7,5.9,2.2,0.9,1.0,1.8,3.3,15.6,Wilson Chandler
2009-10,22.0,NYK,NBA,SG,65.0,64.0,2320.0,6.4,13.3,0.479,0.6,2.3,0.267,5.8,11.0,0.524,2.0,2.5,0.806,1.4,4.0,5.4,2.1,0.7,0.8,1.7,2.9,15.4,Wilson Chandler
2010-11,23.0,TOT,NBA,SF,72.0,49.0,2401.0,6.4,14.3,0.45,1.7,4.8,0.35,4.8,9.5,0.501,1.9,2.4,0.807,1.1,5.0,6.1,1.8,0.7,1.4,1.6,3.0,16.5,Wilson Chandler
2010-11,23.0,NYK,NBA,SF,51.0,30.0,1759.0,6.7,14.6,0.461,1.8,5.0,0.351,5.0,9.6,0.518,2.0,2.4,0.807,1.3,4.9,6.2,1.8,0.7,1.4,1.4,3.1,17.2,Wilson Chandler
2010-11,23.0,DEN,NBA,SF,21.0,19.0,642.0,5.7,13.5,0.419,1.5,4.2,0.347,4.2,9.3,0.452,1.9,2.4,0.81,0.7,5.2,5.9,1.9,0.8,1.3,2.1,2.6,14.7,Wilson Chandler
2011-12,24.0,DEN,NBA,SF,8.0,6.0,215.0,5.2,13.2,0.392,0.5,2.0,0.25,4.7,11.2,0.418,1.7,2.0,0.833,1.0,5.9,6.9,2.8,1.0,1.0,3.0,3.0,12.6,Wilson Chandler
2012-13,25.0,DEN,NBA,PF,43.0,8.0,1079.0,7.0,15.2,0.462,1.7,4.2,0.413,5.3,11.0,0.48,2.9,3.7,0.793,1.5,5.8,7.3,1.9,1.5,0.4,2.0,4.0,18.7,Wilson Chandler
2013-14,26.0,DEN,NBA,SF,62.0,55.0,1927.0,5.7,13.8,0.416,2.3,6.6,0.348,3.5,7.2,0.478,2.1,2.8,0.724,1.1,4.4,5.5,2.1,0.9,0.6,1.5,3.6,15.8,Wilson Chandler
2014-15,27.0,DEN,NBA,SF,78.0,75.0,2471.0,6.1,14.2,0.429,2.0,5.9,0.342,4.1,8.3,0.49,1.6,2.1,0.775,1.4,5.5,6.9,2.0,0.8,0.4,1.6,3.4,15.8,Wilson Chandler
2016-17,29.0,DEN,NBA,SF,71.0,33.0,2197.0,7.1,15.4,0.461,1.8,5.3,0.337,5.3,10.0,0.527,2.3,3.2,0.727,1.7,5.8,7.5,2.3,0.8,0.5,1.9,2.8,18.3,Wilson Chandler
2017-18,30.0,DEN,NBA,SF,74.0,71.0,2346.0,4.3,9.7,0.445,1.4,3.8,0.358,3.0,5.9,0.501,1.4,1.7,0.772,1.6,4.5,6.1,2.4,0.7,0.6,1.4,2.4,11.3,Wilson Chandler
2018-19,31.0,TOT,NBA,"PF,SF",51.0,33.0,1177.0,3.5,8.4,0.418,1.8,4.8,0.373,1.7,3.5,0.478,0.6,0.8,0.72,1.5,5.1,6.6,2.5,0.8,0.6,1.4,3.8,9.3,Wilson Chandler
2018-19,31.0,PHI,NBA,PF,36.0,32.0,951.0,3.4,7.8,0.44,1.7,4.5,0.39,1.7,3.4,0.506,0.5,0.7,0.722,1.7,4.7,6.4,2.7,0.8,0.7,1.5,3.6,9.1,Wilson Chandler
2018-19,31.0,LAC,NBA,SF,15.0,1.0,226.0,3.7,10.5,0.348,2.1,6.4,0.325,1.6,4.1,0.385,0.8,1.1,0.714,0.6,6.8,7.5,1.6,0.5,0.5,1.1,4.6,10.2,Wilson Chandler
2019-20,32.0,BRK,NBA,PF,35.0,3.0,734.0,3.6,9.0,0.404,1.8,5.9,0.306,1.8,3.0,0.597,1.0,1.1,0.87,0.5,6.6,7.1,1.9,0.8,0.6,1.7,3.9,10.1,Wilson Chandler
2009-10,23.0,NYK,NBA,PG,56.0,12.0,1087.0,5.9,12.9,0.458,2.3,5.8,0.389,3.7,7.2,0.514,1.8,2.3,0.809,1.3,2.3,3.6,3.7,1.4,0.1,1.8,3.8,15.9,Toney Douglas
2010-11,24.0,NYK,NBA,SG,81.0,9.0,1971.0,5.7,13.8,0.416,2.6,7.0,0.373,3.1,6.8,0.46,1.6,2.0,0.794,1.2,3.3,4.5,4.5,1.6,0.1,1.6,3.2,15.6,Toney Douglas
2011-12,25.0,NYK,NBA,PG,38.0,9.0,656.0,5.2,15.9,0.324,1.5,6.4,0.231,3.7,9.5,0.387,1.2,1.4,0.846,0.9,3.1,4.0,4.2,1.6,0.1,3.1,3.0,13.0,Toney Douglas
2012-13,26.0,TOT,NBA,PG,71.0,0.0,1289.0,5.3,13.0,0.403,2.3,6.0,0.38,3.0,7.0,0.424,2.1,2.3,0.905,0.9,2.9,3.9,4.2,2.0,0.1,2.3,4.0,14.9,Toney Douglas
2012-13,26.0,HOU,NBA,PG,49.0,0.0,913.0,5.5,13.9,0.395,2.4,6.4,0.377,3.1,7.5,0.411,2.4,2.7,0.882,0.9,2.6,3.5,3.7,1.6,0.1,2.2,4.1,15.7,Toney Douglas
2012-13,26.0,SAC,NBA,PG,22.0,0.0,376.0,4.7,10.9,0.43,2.0,5.2,0.389,2.7,5.7,0.467,1.5,1.5,1.0,1.1,3.5,4.6,5.6,3.0,0.1,2.4,4.0,12.9,Toney Douglas
2013-14,27.0,TOT,NBA,PG,51.0,17.0,675.0,3.9,10.1,0.384,1.7,5.4,0.304,2.2,4.7,0.477,1.3,1.8,0.735,1.0,3.7,4.6,3.6,1.0,0.3,1.8,4.3,10.8,Toney Douglas
2013-14,27.0,GSW,NBA,PG,24.0,0.0,265.0,4.3,11.7,0.372,2.6,8.0,0.322,1.8,3.7,0.481,0.7,1.1,0.625,0.5,3.0,3.5,2.6,0.8,0.3,2.2,4.6,12.0,Toney Douglas
2013-14,27.0,MIA,NBA,PG,27.0,17.0,410.0,3.6,9.1,0.394,1.1,3.8,0.279,2.5,5.4,0.475,1.8,2.3,0.769,1.2,4.1,5.4,4.3,1.1,0.3,1.6,4.1,10.0,Toney Douglas
2014-15,28.0,NOP,NBA,SG,12.0,0.0,177.0,3.9,10.4,0.373,1.0,3.7,0.278,2.8,6.7,0.424,1.6,2.6,0.615,0.4,4.1,4.5,4.9,2.2,0.8,2.0,4.1,10.4,Toney Douglas
2015-16,29.0,NOP,NBA,PG,61.0,18.0,1262.0,5.2,12.7,0.411,2.3,5.8,0.399,2.9,6.9,0.421,2.4,2.8,0.848,0.7,3.4,4.1,4.5,2.0,0.1,1.8,3.7,15.1,Toney Douglas
2016-17,30.0,MEM,NBA,PG,24.0,0.0,394.0,3.9,10.7,0.368,0.6,3.8,0.167,3.3,6.9,0.48,2.2,2.6,0.828,1.2,4.4,5.6,5.1,1.6,0.5,1.9,4.6,10.7,Toney Douglas
2005-06,21.0,CHA,NBA,PG,80.0,54.0,2406.0,5.2,13.2,0.391,1.5,4.1,0.358,3.7,9.2,0.405,2.4,3.3,0.725,1.2,2.8,4.0,6.7,1.5,0.1,2.7,2.7,14.2,Raymond Felton
2006-07,22.0,CHA,NBA,PG,78.0,75.0,2832.0,5.0,13.0,0.384,1.3,4.0,0.33,3.7,9.1,0.407,2.6,3.3,0.797,0.6,2.7,3.4,6.9,1.5,0.1,2.9,2.3,13.9,Raymond Felton
2007-08,23.0,CHA,NBA,PG,79.0,79.0,2972.0,5.0,12.1,0.413,0.7,2.4,0.28,4.3,9.7,0.447,3.1,3.9,0.8,0.4,2.4,2.9,7.1,1.2,0.1,2.6,2.2,13.8,Raymond Felton
2008-09,24.0,CHA,NBA,PG,82.0,81.0,3086.0,5.2,12.6,0.408,0.7,2.4,0.285,4.5,10.2,0.437,2.6,3.2,0.805,0.6,3.0,3.6,6.5,1.5,0.3,2.7,2.2,13.6,Raymond Felton
2009-10,25.0,CHA,NBA,PG,80.0,80.0,2643.0,5.3,11.5,0.459,0.8,2.1,0.385,4.5,9.4,0.475,1.8,2.4,0.763,0.7,3.2,3.9,6.1,1.7,0.3,2.3,2.3,13.2,Raymond Felton
2010-11,26.0,TOT,NBA,"PG,SG",75.0,54.0,2737.0,5.6,13.2,0.425,1.5,4.3,0.353,4.1,8.9,0.46,2.6,3.2,0.805,0.6,2.9,3.5,8.2,1.6,0.1,2.9,2.0,15.3,Raymond Felton
2010-11,26.0,NYK,NBA,PG,54.0,54.0,2074.0,5.9,13.9,0.423,1.5,4.7,0.328,4.4,9.3,0.471,2.7,3.1,0.867,0.7,2.7,3.4,8.5,1.7,0.2,3.1,2.0,16.0,Raymond Felton
2010-11,26.0,DEN,NBA,SG,21.0,0.0,663.0,4.8,11.1,0.431,1.5,3.3,0.459,3.3,7.8,0.42,2.0,3.3,0.617,0.4,3.6,4.1,7.4,1.5,0.0,2.4,2.0,13.1,Raymond Felton
2011-12,27.0,POR,NBA,PG,60.0,56.0,1906.0,4.9,12.1,0.407,1.2,3.8,0.305,3.8,8.3,0.453,1.9,2.3,0.806,0.5,2.3,2.8,7.4,1.5,0.2,3.2,2.3,12.9,Raymond Felton
2012-13,28.0,NYK,NBA,PG,68.0,68.0,2313.0,5.9,13.7,0.427,1.4,4.0,0.36,4.4,9.7,0.455,1.6,2.0,0.789,0.8,2.2,3.0,5.8,1.5,0.2,2.4,2.0,14.8,Raymond Felton
2013-14,29.0,NYK,NBA,PG,65.0,65.0,2017.0,4.3,10.9,0.395,1.1,3.5,0.318,3.2,7.4,0.431,1.6,2.2,0.721,1.0,2.6,3.5,6.5,1.4,0.5,2.3,2.8,11.2,Raymond Felton
2014-15,30.0,DAL,NBA,PG,29.0,3.0,281.0,5.5,13.6,0.406,1.3,4.4,0.294,4.2,9.2,0.458,1.5,1.9,0.8,0.3,3.1,3.3,5.3,1.4,0.5,2.3,2.2,13.8,Raymond Felton
2015-16,31.0,DAL,NBA,PG,80.0,31.0,2192.0,4.5,11.2,0.406,1.0,3.5,0.282,3.6,7.7,0.463,2.4,2.9,0.847,0.6,3.6,4.2,4.7,1.1,0.2,2.0,2.3,12.5,Raymond Felton
2016-17,32.0,LAC,NBA,PG,80.0,11.0,1700.0,4.7,10.9,0.43,1.0,3.0,0.319,3.7,7.8,0.473,1.1,1.4,0.781,0.7,3.9,4.6,4.0,1.4,0.5,1.8,2.6,11.4,Raymond Felton
2017-18,33.0,OKC,NBA,PG,82.0,2.0,1365.0,5.9,14.6,0.406,2.1,6.1,0.352,3.8,8.5,0.444,0.9,1.2,0.818,0.7,3.5,4.1,5.4,1.3,0.4,2.0,2.4,14.9,Raymond Felton
2018-19,34.0,OKC,NBA,PG,33.0,0.0,379.0,5.2,12.8,0.407,1.9,5.8,0.328,3.3,7.0,0.473,1.1,1.2,0.923,0.4,2.8,3.2,4.9,0.9,0.6,1.3,2.8,13.5,Raymond Felton
2010-11,22.0,NYK,NBA,SG,82.0,81.0,2541.0,4.2,8.5,0.497,1.2,3.1,0.393,3.0,5.4,0.556,1.6,2.1,0.769,1.5,5.9,7.4,2.2,1.1,0.2,1.5,1.6,11.3,Landry Fields
2011-12,23.0,NYK,NBA,SG,66.0,62.0,1894.0,4.5,9.8,0.46,0.6,2.3,0.256,3.9,7.5,0.523,1.5,2.6,0.562,1.1,4.2,5.3,3.2,1.5,0.3,1.9,1.9,11.0,Landry Fields
2012-13,24.0,TOR,NBA,SF,51.0,22.0,1037.0,3.5,7.7,0.457,0.1,0.5,0.143,3.5,7.3,0.478,1.2,1.8,0.642,2.0,5.2,7.2,2.1,1.1,0.3,1.5,2.2,8.3,Landry Fields
2013-14,25.0,TOR,NBA,SF,30.0,2.0,322.0,3.0,7.5,0.403,0.0,0.6,0.0,3.0,6.9,0.435,1.6,2.5,0.636,1.7,4.9,6.6,2.2,1.1,0.3,1.2,2.8,7.6,Landry Fields
2014-15,26.0,TOR,NBA,SF,26.0,9.0,216.0,3.3,6.8,0.488,0.2,0.3,0.5,3.2,6.5,0.487,0.8,1.0,0.833,1.7,2.7,4.3,2.5,1.8,0.0,1.3,1.5,7.7,Landry Fields
2008-09,20.0,NYK,NBA,SG,28.0,2.0,412.0,4.9,10.9,0.448,2.8,6.3,0.444,2.1,4.6,0.453,2.3,2.4,0.963,1.1,3.7,4.8,1.3,1.2,0.3,1.3,4.2,14.9,Danilo Gallinari
2009-10,21.0,NYK,NBA,SF,81.0,74.0,2747.0,5.1,12.1,0.423,2.4,6.4,0.381,2.7,5.8,0.469,3.3,4.0,0.818,0.9,4.4,5.2,1.8,1.0,0.8,1.4,2.5,16.0,Danilo Gallinari
2010-11,22.0,TOT,NBA,"PF,SF",62.0,60.0,2104.0,4.5,11.0,0.414,1.8,5.0,0.352,2.8,5.9,0.467,5.8,6.7,0.862,1.0,4.2,5.2,1.8,0.9,0.5,1.4,2.5,16.6,Danilo Gallinari
2010-11,22.0,NYK,NBA,PF,48.0,48.0,1671.0,4.5,11.0,0.415,1.8,5.1,0.347,2.8,5.8,0.474,5.6,6.2,0.893,1.0,3.9,4.9,1.8,0.8,0.4,1.2,2.5,16.5,Danilo Gallinari
2010-11,22.0,DEN,NBA,SF,14.0,12.0,433.0,4.5,10.9,0.412,1.7,4.5,0.37,2.8,6.4,0.442,6.5,8.4,0.772,0.9,5.4,6.3,1.8,1.1,0.7,2.1,2.2,17.1,Danilo Gallinari
2011-12,23.0,DEN,NBA,SF,43.0,40.0,1351.0,5.1,12.4,0.414,1.6,4.9,0.328,3.5,7.5,0.47,4.8,5.6,0.871,0.7,4.6,5.4,3.1,1.1,0.6,1.8,2.3,16.7,Danilo Gallinari
2012-13,24.0,DEN,NBA,SF,71.0,71.0,2309.0,5.7,13.6,0.418,2.1,5.6,0.373,3.6,7.9,0.45,4.5,5.4,0.822,1.0,4.7,5.7,2.7,1.0,0.6,1.7,2.0,17.9,Danilo Gallinari
2014-15,26.0,DEN,NBA,SF,59.0,27.0,1426.0,5.8,14.3,0.401,2.7,7.6,0.355,3.1,6.7,0.453,4.3,4.8,0.895,0.8,4.7,5.5,2.1,1.2,0.5,1.4,2.4,18.5,Danilo Gallinari
2015-16,27.0,DEN,NBA,SF,53.0,53.0,1839.0,5.6,13.7,0.41,1.7,4.7,0.364,3.9,9.0,0.434,7.3,8.5,0.868,1.0,4.5,5.5,2.6,0.8,0.4,1.5,1.7,20.3,Danilo Gallinari
2016-17,28.0,DEN,NBA,SF,63.0,63.0,2134.0,5.7,12.7,0.447,2.1,5.5,0.389,3.5,7.2,0.491,5.9,6.5,0.902,0.7,4.8,5.5,2.3,0.7,0.3,1.4,1.6,19.3,Danilo Gallinari
2017-18,29.0,LAC,NBA,SF,21.0,21.0,671.0,5.5,13.7,0.398,1.9,6.0,0.324,3.5,7.8,0.455,4.3,4.7,0.931,0.5,4.9,5.4,2.2,0.6,0.5,1.4,1.6,17.2,Danilo Gallinari
2018-19,30.0,LAC,NBA,SF,68.0,68.0,2059.0,7.2,15.5,0.463,2.8,6.5,0.433,4.3,9.0,0.484,6.4,7.1,0.904,0.9,6.3,7.3,3.1,0.9,0.4,1.7,2.3,23.5,Danilo Gallinari
2019-20,31.0,OKC,NBA,PF,62.0,62.0,1834.0,7.0,16.0,0.438,3.5,8.6,0.405,3.5,7.4,0.476,5.2,5.8,0.893,0.7,5.7,6.3,2.3,0.8,0.1,1.5,1.5,22.8,Danilo Gallinari
2020-21,32.0,ATL,NBA,PF,51.0,4.0,1222.0,6.1,14.0,0.434,3.0,7.5,0.406,3.0,6.5,0.466,4.7,5.1,0.925,0.5,5.7,6.2,2.2,0.9,0.3,1.3,3.1,19.9,Danilo Gallinari
2021-22,33.0,ATL,NBA,PF,66.0,18.0,1672.0,5.6,12.9,0.434,2.4,6.3,0.381,3.2,6.5,0.485,3.0,3.4,0.904,0.8,5.9,6.6,2.2,0.6,0.3,0.8,2.0,16.6,Danilo Gallinari
2010-11,24.0,TOT,NBA,C,45.0,14.0,524.0,4.3,9.1,0.474,0.0,0.0,0.0,4.3,9.1,0.474,2.5,3.6,0.712,3.2,5.2,8.3,1.0,1.0,1.7,2.4,5.8,11.2,Timofey Mozgov
2010-11,24.0,NYK,NBA,C,34.0,14.0,458.0,4.1,8.8,0.464,0.0,0.0,0.0,4.1,8.8,0.464,2.4,3.5,0.705,3.2,5.0,8.2,1.2,1.1,1.8,2.5,6.0,10.6,Timofey Mozgov
2010-11,24.0,DEN,NBA,C,11.0,0.0,66.0,6.0,11.5,0.524,0.0,0.0,0.0,6.0,11.5,0.524,3.3,4.4,0.75,2.7,6.5,9.3,0.0,0.5,1.1,1.6,4.4,15.3,Timofey Mozgov
2011-12,25.0,DEN,NBA,C,44.0,35.0,687.0,5.2,10.0,0.526,0.0,0.0,0.0,5.2,10.0,0.526,2.0,3.0,0.684,2.8,6.6,9.4,1.2,0.8,2.2,2.8,4.5,12.5,Timofey Mozgov
2012-13,26.0,DEN,NBA,C,41.0,1.0,366.0,4.3,8.6,0.506,0.0,0.2,0.0,4.3,8.4,0.518,2.0,2.6,0.769,4.9,5.6,10.5,0.9,0.6,1.8,2.5,5.6,10.6,Timofey Mozgov
2013-14,27.0,DEN,NBA,C,82.0,30.0,1770.0,5.8,11.1,0.523,0.1,0.5,0.167,5.7,10.6,0.539,4.0,5.3,0.754,3.5,7.3,10.7,1.3,0.5,2.0,2.5,4.3,15.7,Timofey Mozgov
2014-15,28.0,TOT,NBA,C,81.0,80.0,2045.0,5.5,10.0,0.555,0.0,0.1,0.333,5.5,9.9,0.557,2.7,3.8,0.718,3.6,6.8,10.4,1.0,0.6,1.7,2.0,4.0,13.8,Timofey Mozgov
2014-15,28.0,DEN,NBA,C,35.0,35.0,897.0,4.7,9.3,0.504,0.1,0.2,0.333,4.6,9.1,0.509,2.5,3.5,0.733,3.7,7.3,10.9,0.6,0.6,1.6,1.9,4.6,12.0,Timofey Mozgov
2014-15,28.0,CLE,NBA,C,46.0,45.0,1148.0,6.2,10.5,0.59,0.0,0.0,0.0,6.2,10.5,0.59,2.9,4.1,0.708,3.5,6.5,10.0,1.2,0.6,1.8,2.2,3.5,15.2,Timofey Mozgov
2015-16,29.0,CLE,NBA,C,76.0,48.0,1326.0,5.5,9.7,0.565,0.0,0.2,0.143,5.5,9.6,0.574,1.8,2.6,0.716,3.0,6.2,9.1,0.9,0.6,1.5,1.9,4.3,12.9,Timofey Mozgov
2016-17,30.0,LAL,NBA,C,54.0,52.0,1104.0,5.5,10.7,0.515,0.0,0.0,0.0,5.5,10.7,0.517,2.1,2.5,0.808,3.4,5.2,8.6,1.4,0.5,1.0,2.3,4.3,13.1,Timofey Mozgov
2017-18,31.0,BRK,NBA,C,31.0,13.0,359.0,5.2,9.3,0.559,0.4,1.8,0.222,4.8,7.5,0.64,2.3,3.0,0.767,3.2,6.6,9.8,1.1,0.5,1.3,3.3,3.9,13.1,Timofey Mozgov
2008-09,19.0,GSW,NBA,PF,63.0,22.0,1129.0,6.3,13.7,0.462,0.0,0.1,0.0,6.3,13.6,0.466,3.2,4.5,0.716,4.1,7.5,11.6,1.6,1.3,2.4,2.6,4.5,15.9,Anthony Randolph
2009-10,20.0,GSW,NBA,C,33.0,8.0,749.0,6.6,14.9,0.443,0.0,0.2,0.2,6.5,14.6,0.447,5.2,6.5,0.801,3.5,6.8,10.3,2.0,1.3,2.5,2.4,4.4,18.5,Anthony Randolph
2010-11,21.0,TOT,NBA,"C,PF",40.0,3.0,590.0,7.5,16.1,0.466,0.1,0.2,0.25,7.4,15.9,0.469,3.5,5.2,0.674,2.6,7.1,9.8,2.0,1.3,1.5,3.2,3.8,18.6,Anthony Randolph
2010-11,21.0,NYK,NBA,PF,17.0,0.0,127.0,4.0,12.8,0.311,0.3,1.1,0.25,3.7,11.6,0.317,1.7,3.4,0.5,3.1,8.2,11.3,2.0,1.1,2.3,2.8,4.3,9.9,Anthony Randolph
2010-11,21.0,MIN,NBA,C,23.0,3.0,463.0,8.5,17.0,0.498,0.0,0.0,0.0,8.5,17.0,0.498,4.0,5.8,0.703,2.5,6.8,9.3,2.0,1.4,1.2,3.3,3.7,21.0,Anthony Randolph
2011-12,22.0,MIN,NBA,PF,34.0,5.0,517.0,6.5,13.9,0.47,0.0,0.1,0.0,6.5,13.9,0.472,4.5,5.8,0.762,2.9,5.6,8.6,1.3,0.9,2.4,2.8,3.9,17.5,Anthony Randolph
2012-13,23.0,DEN,NBA,PF,39.0,0.0,329.0,6.1,12.5,0.491,0.0,0.9,0.0,6.1,11.6,0.528,3.4,4.9,0.689,3.2,7.2,10.4,1.3,2.1,2.3,4.0,4.5,15.6,Anthony Randolph
2013-14,24.0,DEN,NBA,PF,43.0,5.0,527.0,4.6,12.0,0.386,1.2,4.2,0.295,3.4,7.9,0.435,3.6,4.7,0.754,1.4,7.0,8.3,2.2,1.8,1.3,2.7,4.4,14.1,Anthony Randolph
2010-11,24.0,NYK,NBA,SG,5.0,0.0,24.0,4.5,10.5,0.429,1.5,6.0,0.25,3.0,4.5,0.667,1.5,3.0,0.5,0.0,1.5,1.5,4.5,1.5,0.0,10.5,0.0,12.0,Andy Rautins
2005-06,23.0,LAL,NBA,C,23.0,1.0,161.0,3.4,6.7,0.5,0.0,0.0,0.0,3.4,6.7,0.5,3.4,6.0,0.556,2.5,5.8,8.3,1.8,0.7,2.2,1.6,6.7,10.1,Ronny Turiaf
2006-07,24.0,LAL,NBA,C,72.0,1.0,1087.0,4.9,8.9,0.549,0.0,0.0,0.0,4.9,8.8,0.551,2.9,4.4,0.664,2.9,5.7,8.6,2.1,0.6,2.6,1.7,6.7,12.7,Ronny Turiaf
2007-08,25.0,LAL,NBA,C,78.0,21.0,1458.0,4.6,9.8,0.474,0.0,0.0,0.0,4.6,9.8,0.475,3.5,4.6,0.753,2.3,5.2,7.6,3.2,0.7,2.7,1.8,4.9,12.7,Ronny Turiaf
2008-09,26.0,GSW,NBA,C,79.0,26.0,1696.0,3.9,7.8,0.508,0.0,0.1,0.0,3.9,7.7,0.512,2.1,2.6,0.79,1.9,5.8,7.6,3.5,0.7,3.6,1.5,5.2,10.0,Ronny Turiaf
2009-10,27.0,GSW,NBA,C,42.0,20.0,872.0,3.5,6.0,0.582,0.0,0.0,0.0,3.5,6.0,0.586,1.5,3.2,0.474,2.2,5.7,7.9,3.7,0.9,2.2,2.0,4.0,8.5,Ronny Turiaf
2010-11,28.0,NYK,NBA,C,64.0,21.0,1141.0,3.2,5.1,0.632,0.0,0.0,0.0,3.2,5.1,0.632,1.9,3.1,0.622,2.0,4.5,6.5,2.9,1.1,2.3,1.3,5.0,8.4,Ronny Turiaf
2011-12,29.0,TOT,NBA,C,17.0,5.0,279.0,2.5,4.3,0.576,0.0,0.1,0.0,2.5,4.1,0.594,1.7,2.8,0.591,2.6,6.5,9.0,1.3,1.8,2.2,1.8,5.0,6.6,Ronny Turiaf
2011-12,29.0,WAS,NBA,C,4.0,0.0,58.0,1.9,1.9,1.0,0.0,0.0,0.0,1.9,1.9,1.0,0.0,0.0,0.0,0.6,6.8,7.4,3.1,3.7,1.9,3.7,4.3,3.7,Ronny Turiaf
2011-12,29.0,MIA,NBA,C,13.0,5.0,221.0,2.6,4.9,0.533,0.0,0.2,0.0,2.6,4.7,0.552,2.1,3.6,0.591,3.1,6.4,9.4,0.8,1.3,2.3,1.3,5.2,7.3,Ronny Turiaf
2012-13,30.0,LAC,NBA,C,65.0,0.0,701.0,2.5,5.0,0.505,0.0,0.0,0.0,2.5,5.0,0.505,1.2,3.2,0.365,2.3,5.5,7.8,1.8,1.0,1.8,1.5,4.1,6.2,Ronny Turiaf
2013-14,31.0,MIN,NBA,C,31.0,10.0,606.0,3.8,6.4,0.598,0.0,0.0,0.0,3.8,6.4,0.598,1.2,3.0,0.42,3.3,7.1,10.3,1.4,0.5,3.0,1.4,3.9,8.9,Ronny Turiaf
2014-15,32.0,MIN,NBA,C,2.0,0.0,19.0,0.0,0.0,0.0,0.0,0.0,0.0,0.0,0.0,0.0,0.0,0.0,0.0,0.0,1.9,1.9,3.8,0.0,0.0,0.0,0.0,0.0,Ronny Turiaf
2008-09,21.0,BOS,NBA,SF,29.0,0.0,216.0,6.0,9.7,0.621,0.0,0.2,0.0,6.0,9.5,0.632,2.7,3.8,0.696,1.3,3.5,4.8,2.2,1.0,0.3,3.0,8.5,14.7,Henry Walker
2009-10,22.0,TOT,NBA,"SF,SG",35.0,13.0,768.0,5.6,10.9,0.517,2.3,5.4,0.431,3.3,5.4,0.603,1.8,2.3,0.796,0.7,3.4,4.1,1.9,1.1,0.1,1.3,3.9,15.4,Henry Walker
2009-10,22.0,BOS,NBA,SF,8.0,0.0,29.0,3.7,7.4,0.5,0.0,0.0,0.0,3.7,7.4,0.5,2.5,2.5,1.0,0.0,6.2,6.2,3.7,0.0,0.0,2.5,5.0,9.9,Henry Walker
2009-10,22.0,NYK,NBA,SG,27.0,13.0,739.0,5.7,11.0,0.518,2.4,5.7,0.431,3.3,5.4,0.609,1.8,2.3,0.787,0.7,3.3,4.0,1.8,1.1,0.1,1.3,3.8,15.6,Henry Walker
2010-11,23.0,NYK,NBA,SG,61.0,1.0,784.0,4.8,10.8,0.441,2.7,7.0,0.386,2.1,3.8,0.542,1.4,2.0,0.705,0.7,4.9,5.6,1.6,1.0,0.3,1.7,3.7,13.7,Henry Walker
2011-12,24.0,NYK,NBA,SG,32.0,8.0,620.0,3.9,9.9,0.398,2.1,6.6,0.319,1.9,3.4,0.552,1.0,1.2,0.85,0.5,4.1,4.6,2.1,1.1,0.4,2.0,4.9,11.0,Henry Walker
2014-15,27.0,MIA,NBA,SF,24.0,13.0,628.0,3.3,9.6,0.345,2.6,7.6,0.341,0.7,2.1,0.361,0.8,1.0,0.778,0.4,4.3,4.7,1.7,1.4,0.5,1.4,4.4,10.0,Henry Walker
2006-07,20.0,IND,NBA,SG,46.0,3.0,556.0,4.9,10.4,0.469,1.2,3.4,0.365,3.6,7.0,0.519,0.7,1.3,0.55,2.1,3.2,5.4,1.4,0.4,0.5,1.6,4.5,11.7,Shawne Williams
2007-08,21.0,IND,NBA,SF,65.0,3.0,967.0,5.9,13.8,0.427,1.6,5.1,0.314,4.3,8.7,0.494,2.8,3.9,0.717,2.0,4.5,6.6,2.2,1.0,1.0,2.2,4.9,16.3,Shawne Williams
2008-09,22.0,DAL,NBA,SF,15.0,0.0,170.0,3.4,11.9,0.286,0.2,3.6,0.059,3.2,8.3,0.385,1.9,2.3,0.818,4.0,5.7,9.7,0.4,0.4,1.9,1.1,4.0,8.9,Shawne Williams
2010-11,24.0,NYK,NBA,PF,64.0,11.0,1323.0,4.5,10.5,0.426,2.3,5.8,0.401,2.1,4.7,0.457,1.1,1.3,0.837,1.6,4.9,6.5,1.3,1.1,1.4,1.3,4.5,12.4,Shawne Williams
2011-12,25.0,NJN,NBA,SF,25.0,6.0,514.0,2.9,10.3,0.286,1.5,6.1,0.241,1.5,4.2,0.35,0.6,0.8,0.727,1.4,3.4,4.8,1.1,0.7,0.8,0.9,3.1,7.9,Shawne Williams
2013-14,27.0,LAL,NBA,PF,36.0,13.0,751.0,3.5,9.2,0.38,2.0,6.2,0.326,1.5,3.0,0.492,0.7,1.0,0.7,1.2,6.8,8.0,1.4,0.9,1.4,1.0,4.5,9.7,Shawne Williams
2014-15,28.0,TOT,NBA,SF,63.0,22.0,1087.0,4.0,9.9,0.403,2.1,5.9,0.36,1.9,4.0,0.467,1.2,1.3,0.875,1.2,4.3,5.5,1.5,0.8,0.7,1.0,4.5,11.3,Shawne Williams
2014-15,28.0,MIA,NBA,SF,44.0,22.0,924.0,4.0,9.4,0.425,2.3,5.9,0.395,1.6,3.4,0.477,1.1,1.3,0.848,1.1,4.4,5.4,1.4,0.8,0.7,0.9,4.5,11.4,Shawne Williams
2014-15,28.0,DET,NBA,SF,19.0,0.0,163.0,4.2,13.3,0.317,0.9,5.7,0.154,3.3,7.5,0.441,1.5,1.5,1.0,2.0,4.0,6.0,1.8,0.9,0.9,1.5,4.2,10.8,Shawne Williams
2006-07,23.0,ATL,NBA,PF,81.0,31.0,1514.0,3.9,8.7,0.455,0.0,0.1,0.5,3.9,8.6,0.454,2.6,3.4,0.764,3.1,7.2,10.3,1.0,1.2,0.9,2.3,4.7,10.6,Shelden Williams
2007-08,24.0,TOT,NBA,PF,64.0,0.0,776.0,4.3,9.8,0.434,0.0,0.1,0.0,4.3,9.7,0.438,3.3,4.9,0.676,3.2,6.4,9.5,0.9,1.0,1.0,1.6,5.1,11.8,Shelden Williams
2007-08,24.0,ATL,NBA,PF,36.0,0.0,414.0,3.2,8.7,0.37,0.0,0.1,0.0,3.2,8.6,0.374,3.0,4.4,0.686,3.0,6.3,9.3,1.0,1.1,1.0,1.2,5.2,9.5,Shelden Williams
2007-08,24.0,SAC,NBA,PF,28.0,0.0,362.0,5.5,11.1,0.491,0.0,0.1,0.0,5.5,11.0,0.495,3.6,5.4,0.667,3.4,6.4,9.7,0.8,0.9,1.0,2.1,5.0,14.5,Shelden Williams
2008-09,25.0,TOT,NBA,PF,45.0,0.0,512.0,4.9,11.0,0.446,0.0,0.1,0.0,4.9,10.9,0.452,3.2,4.4,0.73,3.4,7.3,10.8,0.8,1.5,1.3,2.4,4.5,13.1,Shelden Williams
2008-09,25.0,SAC,NBA,PF,30.0,0.0,305.0,4.7,10.5,0.449,0.0,0.2,0.0,4.7,10.3,0.46,3.8,5.0,0.762,3.0,6.3,9.2,0.9,1.4,1.2,3.1,4.2,13.2,Shelden Williams
2008-09,25.0,MIN,NBA,PF,15.0,0.0,207.0,5.2,11.8,0.441,0.0,0.0,0.0,5.2,11.8,0.441,2.4,3.7,0.667,4.2,8.9,13.0,0.7,1.7,1.4,1.4,4.9,12.9,Shelden Williams
2009-10,26.0,BOS,NBA,PF,54.0,0.0,597.0,3.8,7.3,0.521,0.0,0.1,0.0,3.8,7.2,0.525,4.5,5.9,0.765,2.8,6.0,8.8,1.3,0.8,1.3,1.8,5.1,12.1,Shelden Williams
2010-11,27.0,TOT,NBA,PF,59.0,38.0,911.0,4.1,8.7,0.468,0.0,0.0,0.0,4.1,8.7,0.468,2.3,3.0,0.773,3.7,7.1,10.8,1.3,0.9,1.0,1.7,5.0,10.4,Shelden Williams
2010-11,27.0,DEN,NBA,PF,42.0,32.0,713.0,4.1,9.1,0.453,0.0,0.0,0.0,4.1,9.1,0.453,1.7,2.3,0.739,3.7,7.5,11.3,1.0,0.9,1.1,1.9,4.6,10.0,Shelden Williams
2010-11,27.0,NYK,NBA,PF,17.0,6.0,198.0,3.8,7.1,0.538,0.0,0.0,0.0,3.8,7.1,0.538,4.4,5.3,0.828,3.5,5.6,9.1,2.4,0.9,0.7,1.1,6.2,12.0,Shelden Williams
2011-12,28.0,NJN,NBA,C,58.0,35.0,1276.0,2.7,5.7,0.478,0.0,0.0,0.0,2.7,5.7,0.478,2.1,2.9,0.731,4.0,5.9,9.9,1.0,1.3,1.1,1.9,4.2,7.6,Shelden Williams
